group,band,mean,size
COVID 2020,<1,0.08909206889219647,4703
COVID 2020,1-4,0.04266873545384019,2578
COVID 2020,5-14,0.06882168925964546,3836
COVID 2020,15-29,0.09953068592057762,27700
COVID 2020,30-44,0.12847976023515398,104102
COVID 2020,45-59,0.22682553171117043,167102
COVID 2020,60-74,0.4058387451899284,198022
COVID 2020,75+,0.5775712262153361,136958
COVID 2021-22,<1,0.04892984542211653,16820
COVID 2021-22,1-4,0.03177831447820008,7867
COVID 2021-22,5-14,0.058034137728075336,8495
COVID 2021-22,15-29,0.11687042278178157,68546
COVID 2021-22,30-44,0.16944903896637073,253321
COVID 2021-22,45-59,0.2712899603325281,371337
COVID 2021-22,60-74,0.4120845164285287,351127
COVID 2021-22,75+,0.5033213753073481,248090
H1N1 2009,<1,0.044845122515025426,2163
H1N1 2009,1-4,0.040410519563822966,1559
H1N1 2009,5-14,0.0377113133940182,3076
H1N1 2009,15-29,0.08327013499165782,6593
H1N1 2009,30-44,0.1501996007984032,4008
H1N1 2009,45-59,0.17394726485635575,2541
H1N1 2009,60-74,0.12544378698224853,845
H1N1 2009,75+,0.10059171597633136,338
flu 2013-2020,<1,0.05889402499571991,5841
flu 2013-2020,1-4,0.05032679738562092,3060
flu 2013-2020,5-14,0.05770938147380882,3379
flu 2013-2020,15-29,0.0952098178939034,5052
flu 2013-2020,30-44,0.16983106592913738,6689
flu 2013-2020,45-59,0.29421979657653186,8062
flu 2013-2020,60-74,0.26686826686826687,5291
flu 2013-2020,75+,0.272572402044293,3522
flu 2021-22,<1,0.017332691381800675,2077
flu 2021-22,1-4,0.016821345707656612,1724
flu 2021-22,5-14,0.01964839710444674,1934
flu 2021-22,15-29,0.04560622914349277,1798
flu 2021-22,30-44,0.09446618222470654,1789
flu 2021-22,45-59,0.1698389458272328,2049
flu 2021-22,60-74,0.20539765942202054,4187
flu 2021-22,75+,0.25681818181818183,5280
other virus 2013-22,<1,0.01836422669254952,58211
other virus 2013-22,1-4,0.017600448776383143,14261
other virus 2013-22,5-14,0.02773428763140237,4471
other virus 2013-22,15-29,0.08193384223918575,1965
other virus 2013-22,30-44,0.14133074307916466,2059
other virus 2013-22,45-59,0.18542475204829667,2319
other virus 2013-22,60-74,0.22258916776750332,3028
other virus 2013-22,75+,0.26519524617996604,2945
