outbreak,rule,gold,age_only,d0,d14,d28,d56,d90,plateau,days_below_age
covid_2020,"E=100,default=kin",0.767,0.727,0.685,0.689,0.753,0.758,0.762,28,24
covid_2021,"E=100,default=kin",0.716,0.683,0.646,0.706,0.71,0.712,0.715,10,6
covid_2022,"E=100,default=kin",0.751,0.657,0.729,0.735,0.743,0.747,0.748,4,0
flu_2013,"E=100,default=kin",0.827,0.687,0.628,0.676,0.763,0.811,0.828,52,20
flu_2014,"E=100,default=kin",0.801,0.731,0.786,0.802,0.803,0.809,0.815,0,0
flu_2015,"E=100,default=kin",0.749,0.665,0.775,0.775,0.764,0.759,0.763,0,0
flu_2016,"E=100,default=kin",0.775,0.69,0.768,0.776,0.772,0.778,0.777,0,0
flu_2017,"E=100,default=kin",0.795,0.677,0.799,0.804,0.801,0.798,0.783,0,0
flu_2018,"E=100,default=kin",0.79,0.709,0.79,0.796,0.791,0.791,0.798,0,0
flu_2019,"E=100,default=kin",0.776,0.705,0.79,0.782,0.781,0.784,0.775,0,0
flu_2020,"E=100,default=kin",0.776,0.734,0.762,0.767,0.771,0.768,0.762,0,0
flu_2021,"E=100,default=kin",0.774,0.798,0.786,0.793,0.804,0.808,0.815,0,24
flu_2022,"E=100,default=kin",0.776,0.71,0.771,0.757,0.773,0.773,0.774,0,0
othervirus_2013,"E=100,default=kin",0.862,0.747,0.715,0.714,0.775,0.833,0.851,68,22
othervirus_2014,"E=100,default=kin",0.79,0.643,0.799,0.805,0.811,0.807,0.812,0,0
othervirus_2015,"E=100,default=kin",0.84,0.83,0.817,0.83,0.846,0.851,0.847,4,14
othervirus_2016,"E=100,default=kin",0.858,0.8,0.837,0.843,0.845,0.854,0.857,8,0
othervirus_2017,"E=100,default=kin",0.796,0.757,0.767,0.768,0.77,0.774,0.787,44,0
othervirus_2018,"E=100,default=kin",0.828,0.795,0.822,0.823,0.822,0.823,0.823,0,0
othervirus_2019,"E=100,default=kin",0.823,0.799,0.818,0.827,0.833,0.829,0.829,0,0
othervirus_2020,"E=100,default=kin",0.819,0.809,0.853,0.856,0.855,0.858,0.855,0,0
othervirus_2021,"E=100,default=kin",0.855,0.759,0.837,0.837,0.841,0.849,0.844,0,0
othervirus_2022,"E=100,default=kin",0.832,0.769,0.807,0.819,0.82,0.821,0.826,10,0
