outbreak,gold,age_only,d0,d14,d28,d56,d90,plateau_real,plateau_os,days_below_age,worst_vs_age,worst_vs_real,uses
covid_2020,0.767,0.727,0.685,0.689,0.727,0.758,0.762,34.0,36,24,-0.042,-0.023,"kin:84d,age_trend:8d"
covid_2021,0.716,0.683,0.646,0.708,0.71,0.712,0.715,10.0,8,6,-0.044,0.0,kin:92d
covid_2022,0.751,0.657,0.729,0.74,0.744,0.748,0.748,8.0,4,0,0.072,-0.0,kin:92d
flu_2013,0.827,0.687,0.628,0.676,0.763,0.817,0.836,66.0,50,20,-0.058,-0.012,kin:92d
flu_2014,0.801,0.731,0.786,0.802,0.803,0.809,0.815,38.0,0,0,0.055,0.006,kin:92d
flu_2015,0.749,0.665,0.775,0.775,0.764,0.759,0.763,,0,0,0.09,0.038,kin:92d
flu_2016,0.775,0.69,0.768,0.776,0.772,0.778,0.777,48.0,0,0,0.077,0.003,kin:92d
flu_2017,0.795,0.677,0.799,0.804,0.801,0.798,0.806,68.0,0,0,0.12,0.017,kin:92d
flu_2018,0.79,0.709,0.79,0.796,0.791,0.791,0.798,50.0,0,0,0.079,0.005,kin:92d
flu_2019,0.776,0.705,0.79,0.782,0.781,0.784,0.775,,0,0,0.071,0.083,kin:92d
flu_2020,0.776,0.734,0.762,0.767,0.771,0.768,0.762,82.0,0,0,0.017,0.008,kin:92d
flu_2021,0.774,0.798,0.786,0.793,0.804,0.808,0.815,48.0,0,24,-0.02,0.007,kin:92d
flu_2022,0.776,0.71,0.771,0.766,0.775,0.773,0.773,10.0,0,0,0.057,-0.003,kin:92d
othervirus_2013,0.862,0.747,0.715,0.714,0.775,0.833,0.851,58.0,68,22,-0.039,-0.013,kin:92d
othervirus_2014,0.79,0.643,0.799,0.805,0.811,0.807,0.812,58.0,0,0,0.157,0.022,kin:92d
othervirus_2015,0.84,0.83,0.817,0.83,0.846,0.851,0.847,80.0,4,14,-0.013,0.021,kin:92d
othervirus_2016,0.858,0.8,0.837,0.843,0.845,0.854,0.857,88.0,8,0,0.037,0.011,kin:92d
othervirus_2017,0.796,0.757,0.767,0.768,0.77,0.774,0.787,88.0,44,0,0.008,0.01,kin:92d
othervirus_2018,0.828,0.795,0.822,0.823,0.822,0.823,0.823,,0,0,0.025,0.035,kin:92d
othervirus_2019,0.823,0.799,0.818,0.827,0.833,0.829,0.829,,0,0,0.019,0.029,kin:92d
othervirus_2020,0.819,0.809,0.853,0.856,0.855,0.858,0.855,68.0,0,0,0.043,0.034,kin:92d
othervirus_2021,0.855,0.759,0.837,0.837,0.841,0.849,0.844,68.0,0,0,0.074,-0.002,kin:92d
othervirus_2022,0.832,0.769,0.807,0.819,0.82,0.821,0.826,,10,0,0.038,0.012,kin:92d
