outbreak,new_group,d0,d14,d28,d56,d90,age_only,plateau_os,days_below_age,gap
covid_2020,True,0.727,0.727,0.753,0.758,0.762,0.727,28.0,0,0.018
covid_2021,False,0.646,0.708,0.71,0.712,0.715,0.683,8.0,6,0.0097
covid_2022,False,0.729,0.739,0.744,0.748,0.748,0.657,4.0,0,0.006
flu_2013,False,0.628,0.676,0.763,0.817,0.836,0.687,50.0,20,0.0535
flu_2014,False,0.786,0.803,0.804,0.809,0.815,0.731,0.0,0,-0.0071
flu_2015,False,0.775,0.774,0.765,0.758,0.764,0.665,0.0,0,-0.0143
flu_2016,False,0.768,0.776,0.772,0.778,0.777,0.69,0.0,0,0.0001
flu_2017,False,0.799,0.803,0.801,0.798,0.806,0.677,0.0,0,-0.0067
flu_2018,False,0.79,0.796,0.791,0.791,0.798,0.709,0.0,0,-0.0021
flu_2019,False,0.79,0.781,0.78,0.784,0.776,0.705,0.0,0,-0.005
flu_2020,False,0.762,0.767,0.772,0.768,0.762,0.734,0.0,0,0.0109
flu_2021,False,0.786,0.797,0.802,0.805,0.815,0.798,0.0,16,-0.0295
flu_2022,False,0.771,0.766,0.775,0.773,0.773,0.71,0.0,0,0.0028
othervirus_2013,True,0.747,0.747,0.747,0.747,0.747,0.747,,0,0.1148
othervirus_2014,False,0.799,0.803,0.809,0.807,0.813,0.643,0.0,0,-0.0181
othervirus_2015,False,0.817,0.837,0.849,0.851,0.847,0.83,4.0,8,-0.004
othervirus_2016,False,0.837,0.846,0.847,0.854,0.857,0.8,8.0,0,0.0071
othervirus_2017,False,0.767,0.77,0.77,0.774,0.787,0.757,44.0,0,0.021
othervirus_2018,False,0.822,0.824,0.823,0.823,0.823,0.795,0.0,0,0.0048
othervirus_2019,False,0.818,0.827,0.833,0.829,0.829,0.799,0.0,0,-0.0056
othervirus_2020,False,0.853,0.856,0.854,0.858,0.855,0.809,0.0,0,-0.0381
othervirus_2021,False,0.837,0.838,0.841,0.849,0.842,0.759,0.0,0,0.0123
othervirus_2022,False,0.807,0.819,0.82,0.821,0.826,0.769,10.0,0,0.0124
