outbreak,test_n,gold,lam0,plateau_real,plateau_os,first_day_real_model,mean_gap_real,mean_gap_os,worst_os_minus_real,os_d0,os_d6,os_d14,os_d20,os_d28,os_d40,os_d60,os_d90,real_d0,real_d6,real_d14,real_d20,real_d28,real_d40,real_d60,real_d90,age_only
covid_2020,93626,0.767,10.0,34.0,28.0,22.0,0.076,0.028,0.0,0.685,0.685,0.688,0.69,0.753,0.757,0.759,0.762,,,,,0.743,0.751,0.756,0.761,0.727
covid_2021,507241,0.716,10.0,10.0,8.0,4.0,0.018,0.01,0.0,0.646,0.686,0.708,0.71,0.71,0.711,0.712,0.715,,0.682,0.705,0.708,0.709,0.711,0.712,0.715,0.683
covid_2022,36955,0.751,10.0,8.0,4.0,4.0,0.017,0.006,-0.0,0.729,0.741,0.74,0.743,0.744,0.746,0.748,0.748,,0.73,0.738,0.743,0.744,0.746,0.748,0.748,0.657
flu_2013,3555,0.802,10.0,,,78.0,0.278,0.16,0.004,0.64,0.625,0.631,0.63,0.631,0.636,0.64,0.7,,,,,,,,0.695,0.664
flu_2014,707,0.805,10.0,,14.0,84.0,0.295,0.02,0.154,0.78,0.782,0.787,0.788,0.791,0.79,0.783,0.788,,,,,,,,0.628,0.662
flu_2015,605,0.774,10.0,,0.0,60.0,0.203,-0.014,0.064,0.783,0.783,0.789,0.789,0.784,0.791,0.79,0.784,,,,,,,0.691,0.689,0.646
flu_2016,8021,0.791,10.0,84.0,0.0,28.0,0.121,0.007,0.004,0.778,0.778,0.782,0.781,0.785,0.786,0.783,0.791,,,,,0.712,0.729,0.733,0.787,0.687
flu_2017,1634,0.787,10.0,,0.0,34.0,0.161,-0.013,0.039,0.798,0.799,0.8,0.801,0.8,0.804,0.798,0.796,,,,,,0.62,0.687,0.753,0.668
flu_2018,5230,0.793,10.0,,0.0,34.0,0.198,0.007,0.049,0.785,0.785,0.784,0.785,0.789,0.789,0.788,0.788,,,,,,0.615,0.623,0.739,0.702
flu_2019,2679,0.775,10.0,,0.0,16.0,0.181,0.0,0.105,0.781,0.781,0.782,0.773,0.773,0.771,0.769,0.776,,,,0.613,0.6,0.601,0.605,0.671,0.696
flu_2020,592,0.808,10.0,88.0,0.0,28.0,0.128,0.0,0.01,0.805,0.806,0.81,0.811,0.815,0.811,0.809,0.807,,,,,0.747,0.764,0.746,0.796,0.748
flu_2021,287,0.715,10.0,,,84.0,0.203,0.044,0.026,0.672,0.676,0.676,0.677,0.673,0.666,0.676,0.669,,,,,,,,0.638,0.713
flu_2022,1648,0.775,10.0,10.0,0.0,4.0,0.015,0.002,-0.003,0.771,0.772,0.766,0.773,0.775,0.774,0.773,0.773,,0.728,0.764,0.775,0.778,0.777,0.775,0.775,0.71
othervirus_2013,1737,0.785,10.0,,,,0.285,0.077,,0.69,0.69,0.702,0.701,0.699,0.705,0.709,0.713,,,,,,,,,0.749
othervirus_2014,1095,0.821,10.0,,86.0,52.0,0.203,0.045,0.003,0.754,0.754,0.763,0.766,0.776,0.77,0.788,0.802,,,,,,,0.779,0.788,0.688
othervirus_2015,1252,0.835,10.0,,0.0,86.0,0.318,-0.004,0.085,0.826,0.826,0.827,0.826,0.832,0.835,0.847,0.852,,,,,,,,0.767,0.826
othervirus_2016,2422,0.853,10.0,,0.0,78.0,0.32,0.011,0.079,0.842,0.843,0.841,0.841,0.842,0.843,0.843,0.844,,,,,,,,0.764,0.804
othervirus_2017,2468,0.823,10.0,,26.0,50.0,0.214,0.015,0.039,0.795,0.795,0.801,0.801,0.807,0.809,0.812,0.81,,,,,,,0.719,0.757,0.749
othervirus_2018,4072,0.822,10.0,,0.0,50.0,0.229,-0.0,0.056,0.819,0.817,0.822,0.822,0.821,0.82,0.826,0.826,,,,,,,0.664,0.759,0.783
othervirus_2019,2037,0.829,10.0,,0.0,60.0,0.238,0.004,0.047,0.821,0.821,0.822,0.822,0.825,0.821,0.828,0.833,,,,,,,0.747,0.783,0.779
othervirus_2020,1119,0.828,10.0,68.0,0.0,28.0,0.129,-0.029,0.034,0.853,0.853,0.855,0.856,0.853,0.856,0.859,0.855,,,,,0.749,0.79,0.784,0.819,0.809
othervirus_2021,4365,0.86,10.0,76.0,60.0,22.0,0.13,0.028,-0.035,0.837,0.838,0.835,0.833,0.832,0.835,0.841,0.817,,,,,0.747,0.793,0.82,0.852,0.764
othervirus_2022,12564,0.838,10.0,,18.0,12.0,0.093,0.02,0.012,0.807,0.807,0.815,0.822,0.817,0.816,0.822,0.826,,,0.766,0.765,0.753,0.747,0.8,0.807,0.769
