outbreak,m,s,green_day,auc_at_green,gold,false_green,plateau_os
covid_2020,10,0.99,54.0,0.756,0.767,False,36
covid_2021,10,0.99,28.0,0.707,0.716,False,14
covid_2022,10,0.99,30.0,0.746,0.751,False,4
flu_2013,10,0.99,70.0,0.83,0.827,False,50
flu_2014,10,0.99,46.0,0.805,0.801,False,0
flu_2015,10,0.99,36.0,0.769,0.749,False,0
flu_2016,10,0.99,32.0,0.774,0.775,False,0
flu_2017,10,0.99,24.0,0.799,0.795,False,0
flu_2018,10,0.99,44.0,0.789,0.79,False,0
flu_2019,10,0.99,12.0,0.781,0.776,False,0
flu_2020,10,0.99,34.0,0.771,0.776,False,0
flu_2021,10,0.99,38.0,0.799,0.774,False,0
flu_2022,10,0.99,30.0,0.774,0.776,False,0
othervirus_2013,10,0.99,,,0.862,False,68
othervirus_2014,10,0.99,34.0,0.805,0.79,False,0
othervirus_2015,10,0.99,64.0,0.853,0.84,False,2
othervirus_2016,10,0.99,70.0,0.847,0.858,False,0
othervirus_2017,10,0.98,36.0,0.774,0.796,True,42
othervirus_2018,10,0.99,80.0,0.825,0.828,False,0
othervirus_2019,10,0.99,22.0,0.832,0.823,False,0
othervirus_2020,10,0.99,38.0,0.857,0.819,False,0
othervirus_2021,10,0.99,50.0,0.841,0.855,False,0
othervirus_2022,10,0.99,42.0,0.819,0.832,False,8
