week,n_so_far,deaths_so_far,score_total::covid_2020,score_total::covid_2021,score_total::covid_2022,score_total::covid_mx_2020,score_total::covid_mx_2021,score_total::flu_2013,score_total::flu_2014,score_total::flu_2015,score_total::flu_2016,score_total::flu_2017,score_total::flu_2018,score_total::flu_2019,score_total::flu_2020,score_total::flu_2021,score_total::flu_2022,score_total::h1n1_2009,score_total::othervirus_2013,score_total::othervirus_2014,score_total::othervirus_2015,score_total::othervirus_2016,score_total::othervirus_2017,score_total::othervirus_2018,score_total::othervirus_2019,score_total::othervirus_2020,score_total::othervirus_2021,score_total::othervirus_2022,score_total::STRANGER,score_profile::covid_2020,score_profile::covid_2021,score_profile::covid_2022,score_profile::covid_mx_2020,score_profile::covid_mx_2021,score_profile::flu_2013,score_profile::flu_2014,score_profile::flu_2015,score_profile::flu_2016,score_profile::flu_2017,score_profile::flu_2018,score_profile::flu_2019,score_profile::flu_2020,score_profile::flu_2021,score_profile::flu_2022,score_profile::h1n1_2009,score_profile::othervirus_2013,score_profile::othervirus_2014,score_profile::othervirus_2015,score_profile::othervirus_2016,score_profile::othervirus_2017,score_profile::othervirus_2018,score_profile::othervirus_2019,score_profile::othervirus_2020,score_profile::othervirus_2021,score_profile::othervirus_2022,score_profile::STRANGER,score_severity::covid_2020,score_severity::covid_2021,score_severity::covid_2022,score_severity::covid_mx_2020,score_severity::covid_mx_2021,score_severity::flu_2013,score_severity::flu_2014,score_severity::flu_2015,score_severity::flu_2016,score_severity::flu_2017,score_severity::flu_2018,score_severity::flu_2019,score_severity::flu_2020,score_severity::flu_2021,score_severity::flu_2022,score_severity::h1n1_2009,score_severity::othervirus_2013,score_severity::othervirus_2014,score_severity::othervirus_2015,score_severity::othervirus_2016,score_severity::othervirus_2017,score_severity::othervirus_2018,score_severity::othervirus_2019,score_severity::othervirus_2020,score_severity::othervirus_2021,score_severity::othervirus_2022,score_severity::STRANGER,fob
0,2,2,-8.520496102727034,-8.64256247118687,-8.657139356359192,-8.219036229479013,-7.782361545601155,-9.547199533454862,-9.331900649120156,-8.714232408567495,-10.031236276952479,-8.997453015012848,-9.265003437255903,-9.323196743264528,-9.552196141078081,-9.374569289534467,-9.973052664686104,-11.597345869414582,-10.838024190247818,-12.256013844203274,-11.76699772453361,-11.252862448449221,-11.52953983347932,-12.53750294933305,-11.800996429907256,-10.720808862002585,-13.06430032745104,-13.755601654729105,-7.742402021815781,-5.848420880017968,-6.023799350379855,-5.295640354886251,-6.105341905615246,-5.7176801738821705,-6.029136175463144,-5.764814348953017,-5.546365786397397,-6.505442917033642,-5.578830623518188,-6.036030136330946,-6.029364308743759,-5.6978685634643815,-5.113540172794254,-5.669312266325029,-6.992777850185677,-7.277652923555307,-8.529219731086082,-8.790179761292118,-7.608528949837674,-8.420252378887163,-8.440074130701326,-8.639107204052488,-6.636845007939378,-8.552559255232858,-9.487238150411123,-6.356107660695891,-2.6720752227090667,-2.6187631208070146,-3.361499001472941,-2.113694323863766,-2.0646813717189842,-3.5180633579917173,-3.5670863001671385,-3.1678666221700986,-3.525793359918836,-3.418622391494659,-3.2289733009249577,-3.2938324345207692,-3.8543275776136987,-4.261029116740212,-4.303740398361076,-4.604568019228905,-3.5603712666925125,-3.726794113117193,-2.976817963241493,-3.6443334986115463,-3.109287454592158,-4.097428818631723,-3.1618892258547686,-4.0839638540632075,-4.511741072218182,-4.268363504317982,-1.3862943611198906,h7n9_cn_2013
1,3,2,-14.774761995871476,-15.141882881728524,-13.298253727464608,-15.102971677925442,-13.967274396899642,-13.300597922775339,-13.04515647517451,-12.430437459594419,-13.475527858085734,-12.629427125450457,-12.610210836205628,-12.821606347528851,-12.70689868692243,-13.138946166962935,-13.005195687352169,-15.213506798028225,-13.920614891854123,-15.224483929435547,-14.698575044290333,-14.271990746750472,-14.490901009499527,-15.474266601057646,-14.683196406530286,-13.218132537672954,-15.43824059404752,-16.01486074489292,-11.942107099695708,-12.024579826576739,-12.47034332906928,-9.845060792957645,-12.876413029414614,-11.77115275961254,-9.605161304947394,-9.306106949820158,-9.113642418752084,-9.781297527252452,-9.063326357065105,-9.209227420591567,-9.313666168544458,-8.722447532199642,-8.788664579653178,-8.648538230380531,-10.446683440540996,-10.254092416684351,-11.403713923020753,-11.649939701657798,-10.499244078006669,-11.280337552604228,-11.256744738937487,-11.411775859910572,-9.052716721701639,-10.890740717728827,-11.702744963789161,-9.169518377455926,-2.750182169294738,-2.6715395526592443,-3.4531929345069643,-2.2265586485108275,-2.196121637287101,-3.6954366178279434,-3.739049525354351,-3.316795040842334,-3.694230330833282,-3.5661007683853523,-3.40098341561406,-3.5079401789843936,-3.984451154722789,-4.350281587309756,-4.356657456971638,-4.76682335748723,-3.666522475169773,-3.8207700064147945,-3.048635342632534,-3.772746668743803,-3.210563456895298,-4.217521862120161,-3.2714205466197144,-4.165415815971316,-4.5474998763186925,-4.312115781103759,-2.7725887222397816,h7n9_cn_2013
3,4,3,-18.45983714122822,-18.34060532261533,-17.634808651839947,-18.226179504244048,-16.968083538124297,-16.450724115019387,-16.18485979992038,-15.953893492758418,-16.786196187187336,-16.69621365956614,-16.29905951985679,-16.4017169608996,-16.631083978492086,-17.550423921322558,-17.66087481593339,-18.61778882692027,-18.414775409207056,-20.098707990826583,-19.773031675119633,-19.140242947126136,-19.70113590580362,-20.630359562652416,-20.172881448492614,-17.859995134203867,-21.436654954393045,-22.236368543542277,-15.256293104368234,-14.438788751145086,-14.599633963562596,-13.051532046562128,-15.19131214992782,-14.102371853865796,-11.929659305434454,-11.620331031566716,-11.827686455199753,-12.230066481032647,-12.006555441344796,-11.881961868121744,-11.948953201715607,-11.18486294092068,-11.872487379502537,-12.042338018742438,-12.95673301849739,-13.605225359254806,-15.719023314953732,-15.88072653101258,-14.423163570434648,-15.472228902157116,-15.387674275741787,-15.895629867175918,-12.349787847526786,-15.545650964038172,-16.841922231378668,-11.972878758362462,-4.021048390083134,-3.7409713590527316,-4.583276605277818,-3.034867354316227,-2.8657116842584998,-4.521064809584932,-4.564528768353663,-4.1262070375586655,-4.55612970615469,-4.689658218221345,-4.417097651735046,-4.45276375918399,-5.446221037571403,-5.67793654182002,-5.618536797190952,-5.661055808422876,-4.809550049952249,-4.379684675872851,-3.8923051441070537,-4.717079376691488,-4.228907003646505,-5.242685286910627,-4.277251581316695,-5.510207286677081,-5.891003990354873,-5.394446312163611,-3.283414346005772,h7n9_cn_2013
4,10,8,-33.23842486108196,-32.7775752718388,-35.34607142245892,-31.787611964792085,-31.0434327919173,-35.96792418110153,-35.35622670925541,-35.872322657441146,-34.72954420756405,-35.91787297118002,-34.84049799271796,-35.00409376298523,-35.63529212288294,-36.849736256628816,-37.72039423796614,-43.30385453941713,-43.86296445836372,-49.026262583490634,-50.31735158593153,-44.93366241165798,-48.001249209440985,-47.989483805659354,-49.101054239554045,-41.206439724577145,-51.445671039066745,-54.06930172751688,-37.836232896340704,-26.48081399074403,-26.453645122609682,-27.781115464341028,-26.544644986983187,-25.898841328917186,-27.946503265964722,-27.6008184109005,-27.554416065120897,-27.08852240837901,-27.750405112981777,-27.50368372617698,-27.58219157082369,-26.96988055582302,-27.7485745776375,-28.666839674427294,-33.02023617771483,-35.239752497581165,-40.456426483879234,-42.15996293365836,-36.9586353509605,-40.54813791259009,-39.46588404475219,-41.62315309666269,-32.11293044756585,-41.98295669733678,-44.50365956256506,-31.426880721125997,-6.757610870337934,-6.323930149229113,-7.564955958117896,-5.242966977808897,-5.144591463000115,-8.021420915136808,-7.755408298354907,-8.317906592320249,-7.641021799185036,-8.167467858198242,-7.336814266540973,-7.421902192161538,-8.665411567059916,-9.101161678991321,-9.053554563538844,-10.283618361702299,-8.623211960782553,-8.569836099611397,-8.157388652273172,-7.9750270606974745,-7.453111296850892,-8.52359976090717,-7.4779011428913575,-9.093509277011291,-9.462714341729964,-9.565642164951818,-6.409352175214704,h7n9_cn_2013
5,17,14,-53.922069103921274,-54.683936977948065,-54.16968229587965,-54.09233231612822,-52.26128045525609,-61.68885181759515,-59.28955180757407,-58.21528127552429,-59.3499166515124,-57.52541779993658,-57.67888946425701,-58.16720917718475,-57.70489765046473,-56.521923885360124,-57.667076287270625,-75.52419145140256,-71.77177585964738,-80.0679681605001,-80.95765099536818,-73.00530673489027,-77.63621603782074,-77.31225395084442,-79.62775704048056,-65.39558969702225,-81.62680918730844,-85.22517129619389,-59.3087303025102,-45.44067409498958,-46.80186668311839,-44.53619331742803,-47.35834123177415,-45.64155889711347,-50.967821189303606,-48.91103564013788,-47.17208792360671,-49.09287983908629,-46.56538927398776,-47.70374966895719,-47.97907312041055,-46.686604496464625,-45.05590808385466,-46.27646807817081,-61.48157686825125,-60.91104910930525,-68.89354263798954,-70.86793219014521,-62.446469311235234,-67.99310910027032,-66.53561303781595,-69.93027310167002,-53.985506769400814,-69.95819133067332,-73.19569441732071,-49.78699133146492,-8.481395008931692,-7.882070294829671,-9.633488978451627,-6.733991084354072,-6.619721558142624,-10.721030628291544,-10.378516167436185,-11.043193351917584,-10.257036812426112,-10.960028525948813,-9.975139795299821,-10.188136056774205,-11.018293154000107,-11.466015801505462,-11.390608209099815,-14.042614583151309,-10.860726750342124,-11.17442552251056,-10.089718805222978,-10.558837423655042,-9.643106937550423,-10.776640913028473,-9.697483938810537,-11.410082927621438,-11.668617856635123,-12.029476878873187,-9.52173897104528,h7n9_cn_2013
6,29,19,-91.96072537337335,-94.11537340450235,-93.78657858852588,-93.26622467194771,-91.36597288074205,-107.1648533388121,-105.24301854223648,-100.52105915292216,-103.41042533584775,-99.59289835320268,-101.34130781717366,-101.94397241597116,-100.55772428826954,-97.77469437453036,-99.35613198821508,-129.92085862069553,-125.6681446206,-140.10995129008342,-142.30054016235226,-129.13781688081113,-137.8964297358379,-135.68110755036363,-140.36376646993617,-114.12024161100607,-142.5081590779207,-147.30766417100745,-100.82103167070295,-72.60261252557564,-75.18890712767313,-73.51817683856078,-74.386637355727,-72.76725828662157,-85.77566492661268,-83.43334685701885,-79.47360882913193,-81.89008613892065,-77.94446748168944,-80.06095111801068,-80.52088846859446,-79.42838475769119,-76.19595109795247,-77.74956887488419,-105.54564062620241,-105.36861988819956,-118.68686117678583,-123.31762910290499,-107.63703620807118,-117.68183140353236,-114.40704666871574,-120.4172540313466,-93.19995566702926,-120.82156480485699,-125.68686311159617,-79.21033648301068,-19.35811284779772,-18.926466276829224,-20.268401749965104,-18.879587316220707,-18.598714594120477,-21.38918841219941,-21.809671685217644,-21.047450323790237,-21.52033919692709,-21.648430871513238,-21.280356699162976,-21.4230839473767,-21.129339530578346,-21.57874327657789,-21.6065631133309,-24.375217994493106,-20.299524732400435,-21.423090113297594,-18.982911059447282,-21.500780672739946,-20.214598332305535,-21.274060881647905,-19.946512438589565,-20.920285943976815,-21.68659427306372,-21.620801059411264,-21.61069518769228,h7n9_cn_2013
7,42,21,-137.0955112967434,-139.29346008664552,-140.10293574716337,-139.5435663244829,-136.50421946895486,-154.36312913946637,-151.91865947387996,-147.2980088336705,-150.7763405937285,-145.65723035332016,-148.09029974038367,-148.6575859085844,-145.95235386660497,-143.1964608753014,-146.88465198151832,-183.51359238971108,-183.3151622183928,-206.93511694922182,-210.03815650737016,-189.8552238049064,-203.18960759558087,-199.60984386672982,-207.35699862843998,-167.37043463446045,-209.52875911328954,-218.2506467434738,-147.0970251753367,-106.35139021650167,-109.09821999124908,-109.12965384281142,-108.96155886367025,-106.28656713117213,-122.17534935437412,-119.06607135920902,-115.12682977614841,-118.40453044488407,-113.33344837451034,-116.01662173242929,-116.47642888090786,-114.5003669705188,-111.35627398553996,-114.94420059550845,-148.22626363077978,-152.52118568723216,-174.09401343242635,-179.84940352016864,-157.640117359883,-172.13324221131353,-167.762852798081,-176.7638210590158,-136.21983527800418,-177.59610219853792,-186.16548987493317,-113.21280887722759,-30.74412108024174,-30.195240095396436,-30.973281904351936,-30.58200746081264,-30.21765233778273,-32.18777978509226,-32.852588114670944,-32.17117905752211,-32.3718101488444,-32.323781978809826,-32.073678007954385,-32.18115702767655,-31.45198689608616,-31.840186889761434,-31.940451386009862,-35.287328758931295,-30.793976531160645,-32.841103516795485,-30.188752987201518,-32.21510644502339,-31.056365384267323,-31.846991068648805,-30.59317756942417,-31.150599356456276,-31.93265691475162,-32.08515686854061,-33.88421629810912,h7n9_cn_2013
8,50,24,-163.38992617829786,-167.09342815877508,-164.24998785526876,-167.2886698061471,-163.15964720062357,-184.50410124465768,-180.68876554694256,-174.13695922427524,-180.55203128718742,-171.440697927634,-175.3873020059354,-176.20171964593703,-173.59111408535094,-168.02060003208243,-172.06576356747587,-220.05526790858266,-218.756890839502,-246.45497208235196,-250.1410798224737,-225.19924204337894,-241.11174630592714,-236.9018905283818,-246.26372909806238,-198.53059073161853,-248.01880028758666,-257.8334548528412,-171.64217490535665,-127.0889376762455,-131.4368811440337,-128.34197332731262,-131.4543399853264,-127.82960221149972,-147.5952860698658,-143.15708871331972,-137.2873219685293,-143.55339176624915,-134.4357193260478,-138.88649165865385,-139.53000523200626,-136.99943721426465,-131.30964260008165,-135.4001369569482,-179.88849453731302,-182.80294799476962,-208.55897239993072,-214.39711663360703,-188.25890374317754,-205.01492155419294,-200.13038869497905,-210.5764976356611,-162.31151460968792,-211.04757668332692,-220.82729170893208,-132.04749598531907,-36.30098850205235,-35.6565470147414,-35.90801452795615,-35.834329820820706,-35.33004498912384,-36.90881517479187,-37.53167683362284,-36.84963725574592,-36.998639520938276,-37.0049786015862,-36.50081034728155,-36.671714413930786,-36.5916768710863,-36.71095743200078,-36.665626610527674,-40.166773371269635,-35.95394284473239,-37.89599968242122,-35.743963188866665,-36.94033830020139,-36.09682475173421,-36.771501833402766,-35.687231462401286,-36.21907612193063,-36.97122360425974,-37.006163143909106,-39.59467892003758,h7n9_cn_2013
9,58,26,-188.9252262281582,-193.19698705730025,-189.59460894740133,-193.43459756902365,-188.97212696057656,-213.63588185846427,-209.15938431506825,-201.01085297502857,-208.39976253539547,-198.47793734665913,-203.02046578802933,-204.14625474387873,-200.7870362422097,-194.82654105237123,-198.74239561636597,-255.44643724414215,-252.68852675057707,-284.10037232508034,-288.4102817388977,-259.6954846695372,-277.96402410208617,-272.8015201822113,-283.7485566007071,-228.98390970899615,-285.4678208382085,-296.33105847707185,-194.50460972659516,-147.08102826358606,-152.19386761010733,-148.33096222893522,-151.88688277456205,-147.98660520054523,-171.31165524778405,-166.29706855573662,-159.10198005810759,-165.9228649245559,-156.05844893846577,-160.82791516916305,-161.82222642019264,-159.11436235595792,-152.83678619734144,-156.88250455549314,-210.04401422793111,-211.67912722533532,-241.10095716981232,-247.8812674647557,-217.33505911849798,-236.7835081639736,-230.89279627357607,-242.8190638944795,-187.77573745782803,-243.3811818459179,-254.37307359921823,-149.62861804429616,-41.84419796457214,-41.00311944719291,-41.2636467184661,-41.54771479446161,-40.98552176003133,-42.324226610680235,-42.86231575933163,-41.90887291692099,-42.47689761083956,-42.419488408193374,-42.19255061886628,-42.32402832368609,-41.672673886251786,-41.9897548550298,-41.85989106087284,-45.402423016211046,-41.00939952524173,-42.99941515526804,-40.529014274142035,-42.36042555103923,-41.18051593811256,-41.908723908635196,-40.92949270622761,-41.20817225116812,-42.086638992290645,-41.95798487785363,-44.87599168229899,h7n9_cn_2013
10,69,27,-221.41458143418447,-224.48489441604474,-226.39722506935732,-225.8453285538358,-220.97303023304573,-246.89079686649967,-242.7162788547856,-237.1790402014658,-242.23352255070236,-233.96317450316607,-238.00891986900223,-239.35671818765704,-234.67693639732556,-230.36305514780983,-237.79322491162316,-292.8080825824318,-296.79283914494476,-338.1773019212275,-343.2287184162755,-307.61611178979615,-330.6346570092398,-324.2764164518056,-338.011846898944,-271.6703073061825,-340.4397853706567,-356.89900103346014,-232.82055484316157,-175.29742681589704,-178.8589816576555,-180.29842835993313,-179.7967196442296,-175.16036509053714,-198.6811200191255,-193.6495996687058,-188.53504583845742,-193.89425475837663,-186.06555349492848,-190.3054849300223,-191.27350909150792,-188.14334021293547,-183.5856739341163,-190.77011861879544,-240.32624303620278,-250.56231164665996,-288.28951872794687,-296.6425162182938,-259.704276276851,-284.0220800150608,-277.0910993671064,-291.8183613250473,-225.27958554990764,-293.5323294947162,-309.20049310242604,-181.42667065348314,-46.11715461828744,-45.625912758389234,-46.09879670942418,-46.0486089096062,-45.812665142508585,-48.20967684737418,-49.06667918607979,-48.643994363008375,-48.339267792325735,-47.8976210082376,-47.703434938979925,-48.08320909614911,-46.53359618439008,-46.77738121369352,-47.02310629282773,-52.48183954622901,-46.23052749828479,-49.887783193280676,-46.58620219798174,-47.91183551294519,-46.61257699417901,-47.185317084699214,-46.19348557389666,-46.3907217562749,-46.907455875940535,-47.698507931034115,-51.39388418967842,h7n9_cn_2013
11,71,27,-229.69145935458548,-233.3081234515912,-233.92740015152054,-234.3553781451078,-228.94241889006707,-253.93757365420234,-250.11802497930165,-243.98412638450435,-249.15845637223018,-240.51376490444017,-244.57778098526202,-245.82799864726496,-241.02129165916836,-237.03156298891702,-243.71639185343133,-300.29135533784154,-304.9589511025278,-346.75472029356746,-352.3470954817611,-316.2465528102776,-339.57024373883957,-332.8640353444024,-346.9370368951035,-278.5242362699275,-348.8869402061598,-365.17379424530907,-238.93269760193243,-182.7125504359162,-186.88042993085554,-187.05022851475053,-187.40818904948233,-182.2961522987295,-204.96983654051556,-200.32488722113231,-194.76448167189076,-200.0725658113308,-191.7922915716388,-196.12013381402136,-197.01567645084984,-193.7597202549456,-189.505884657875,-196.0275356265549,-247.16670668247232,-258.0416170706938,-296.1845050358858,-305.165877364769,-267.53138961134397,-292.1852015803456,-284.94762534088335,-299.9710367470738,-231.5080468459333,-301.2369938082247,-316.8368442001156,-186.6240600191902,-46.978908918669276,-46.42769352073566,-46.87717163677002,-46.94718909562546,-46.64626659133756,-48.96773711368678,-49.79313775816933,-49.219644712613594,-49.085890560899365,-48.72147333280137,-48.45764717124067,-48.81232219641513,-47.26157140422275,-47.52567833104204,-47.68885622687641,-53.124648655369185,-46.917334031833995,-50.57021525768166,-47.18121811699206,-48.71516319893362,-47.38504215849394,-47.916410003519054,-46.966000148029686,-47.016189423994156,-47.64994639793511,-48.33695004519349,-52.30863758274221,h7n9_cn_2013
12,72,28,-232.80478825648396,-236.17725746182134,-237.5716695112205,-236.98656833796431,-231.71305794842803,-256.95072774745415,-253.21416860841322,-247.29407860589419,-251.99586437962117,-244.02095931093703,-247.72655224905682,-249.0301004517088,-244.62912760406704,-241.04224955586818,-247.71508405996966,-303.9976676584656,-309.58482434266426,-351.9600975507455,-358.10103355957585,-320.81165953522094,-344.73308408498787,-337.7456201965711,-352.2175231299952,-282.9652554373084,-354.335586893149,-370.9274146247306,-241.9747227307227,-184.64846622134152,-188.63510929819955,-189.74532832013247,-189.03240513135142,-184.11170991628762,-207.1895512735363,-202.74904848556412,-197.2903044294173,-202.2003804937803,-194.4903981978855,-198.5754553849463,-199.53050244711343,-196.36994516815545,-192.56278275435375,-199.15646047878153,-250.1323469213218,-261.57029829130556,-300.4998144278188,-309.6350752175688,-271.3003606576479,-296.40786458856525,-288.9465807135117,-304.21763953551425,-234.92486217690006,-305.65950117780704,-321.61905070953554,-188.5737405240402,-48.15632203514243,-47.5421481636218,-47.82634119108804,-47.95416320661289,-47.6013480321404,-49.76117647391784,-50.46512012284911,-50.003774176476895,-49.79548388584086,-49.53056111305153,-49.15109686411051,-49.49959800459536,-48.25918243591157,-48.479466801514434,-48.55862358118813,-53.8653207371438,-48.014526051358686,-51.46028312292666,-48.46595834200708,-49.511298877573054,-48.32521949642261,-48.79903948305939,-47.999883594480934,-48.040393260408294,-48.676085715341976,-49.30836391519505,-53.40098220668251,h7n9_cn_2013
16,73,29,-235.88608475656454,-239.0172718931654,-241.19273219719457,-239.59183924551496,-234.45991040474638,-259.9463878758505,-256.29627945127294,-250.58682006694985,-254.81806120193096,-247.51012517158256,-250.8603075139094,-252.2175473040892,-248.21246137217886,-245.02963614559053,-251.6930402989133,-307.6880573052592,-314.18376623979486,-357.1451430284046,-363.82313787135865,-325.3590335747697,-349.8739784267462,-342.60655425661105,-357.47320115781565,-287.3810400854987,-359.7587793003512,-376.6579966289828,-244.8850296888258,-186.58438200676684,-190.38978866554356,-192.44042812551442,-190.65662121322052,-185.92726753384574,-209.40926600655703,-205.17320974999592,-199.81612718694382,-204.3281951762298,-197.1885048241322,-201.03077695587126,-202.04532844337703,-198.98017008136532,-195.6196808508325,-202.28538533100811,-253.09798716017133,-265.0989795119173,-304.8151238197518,-314.10427307036855,-275.06933170395183,-300.6305275967849,-292.94553608614007,-308.4642423239547,-238.34167750786682,-310.08200854738936,-326.4012572189555,-190.46975001464205,-49.3017027497977,-48.62748322762185,-48.75230407168015,-48.935218032294436,-48.53264287090063,-50.53712186929349,-51.123069701277,-50.77069288000603,-50.48986602570117,-50.321620347450356,-49.82953055803813,-50.17221886071217,-49.23229129081354,-49.409955294758035,-49.407654967905195,-54.59007014508783,-49.084786727877535,-52.33001920865282,-49.71886480099011,-50.289701870817865,-49.24345082996133,-49.66101817047101,-49.00895883386099,-49.03936257763184,-49.67677075296182,-50.25673941002732,-54.41527967418375,h7n9_cn_2013
22,74,30,-238.62681646041474,-241.86537545546665,-244.03862046272806,-242.38329480674767,-237.22697895526704,-263.9651179320036,-260.1922851039505,-254.35482065651755,-258.4327596013847,-250.84469278598021,-254.4459532964796,-255.75674063996203,-251.66344844112342,-247.9855356361854,-254.82632741172222,-312.49696938161253,-318.7581995250912,-362.07482759664714,-369.0393093687102,-329.9441932603646,-354.89191301445254,-347.50811664632414,-362.4733983353845,-291.36996126190775,-364.8715566989516,-381.88875957039846,-248.53049821500105,-188.58186569894673,-192.54002382385679,-194.4881856742055,-192.7221906989179,-187.96267961406699,-212.48880022378918,-208.0852973292324,-202.4655676156147,-207.02692618440116,-199.596504637069,-203.6902793398117,-204.6837797754734,-201.69258464788962,-197.77513835256227,-204.57719398212706,-256.876160046456,-268.87390171032337,-308.77288995024054,-318.52064658171946,-278.7738528383956,-304.82774574363185,-296.9806437432068,-312.77314488207935,-241.6020880759959,-314.45239759288825,-330.77242522408443,-193.26003831398123,-50.044950761468016,-49.325351631609855,-49.55043478852255,-49.661104107829765,-49.26429934120006,-51.47631770821442,-52.106987774718085,-51.88925304090284,-51.40583341698352,-51.24818814891123,-50.7556739566679,-51.07296086448863,-49.970863793233804,-50.210397283623145,-50.249133429595176,-55.620809335156565,-49.88429781476785,-53.30193764640662,-50.518662786990696,-51.17034042196897,-50.06416727082071,-50.527472903117335,-49.70025345330514,-49.76787318591187,-50.41915910606339,-51.11633434631403,-55.27045990101981,h7n9_cn_2013
0,3,3,-11.570664986903575,-10.522322344711982,-12.91130145619274,-9.949926005743613,-9.488834913276728,-12.374765060549791,-11.772859747300352,-12.785587871000157,-11.597478875097728,-13.137846507937333,-12.402579383494942,-12.14243452321162,-13.25112637575678,-13.854045765379754,-14.52089486844799,-14.589007140109958,-16.267464938540783,-17.41498370100011,-18.042678626156796,-16.426517608636544,-17.480037795994107,-17.47267930580475,-17.922635979617986,-15.888334216572567,-19.94545086152004,-20.626367065687873,-11.613603032723672,-6.820541066893031,-6.504892530298461,-7.970048793002929,-6.818098496655993,-6.726390981996219,-7.595119266129412,-7.487116863386275,-7.86386967782953,-7.159585476094918,-7.688519731356227,-7.667884168687911,-7.682673667289818,-7.855237528077719,-7.871986997780271,-8.619680872681553,-8.678553813674577,-10.852206042959615,-12.752031711033844,-13.394491526227869,-11.477318088858457,-12.917698096819851,-12.476899535001499,-13.391847411897231,-10.271878809134597,-13.79537943873476,-14.60326572339791,-9.534161491043836,-4.750123920010544,-4.017429814413521,-4.941252663189811,-3.1318275090876213,-2.7624439312805094,-4.779645794420379,-4.285742883914077,-4.921718193170628,-4.43789339900281,-5.449326776581105,-4.734695214807032,-4.459760855921801,-5.3958888476790605,-5.982058767599483,-5.901213995766438,-5.9104533264353805,-5.415258895581166,-4.662951989966267,-4.6481870999289265,-4.949199519778089,-4.562339699174258,-4.995779770803251,-4.530788567720755,-5.61645540743797,-6.15007142278528,-6.023101342289962,-2.0794415416798357,ebola_sl_2014
1,19,18,-77.73800209920807,-73.81431062724675,-83.07882999327556,-74.01897316631897,-70.7684027133983,-66.69435982505817,-66.75916644982308,-71.74680711805478,-68.09922170293048,-72.7043935406452,-71.81067023070362,-70.75958866616376,-72.95402581428249,-80.33057423650828,-85.27901774986667,-68.6800238689139,-89.30887780806754,-100.19760367373125,-103.93659601236429,-94.47148871942501,-100.60469432558148,-102.76420498223726,-104.67240320894363,-90.25603602850433,-112.05937187946563,-118.00091766675513,-61.42396030937548,-57.678218561814646,-55.39410194218475,-61.51867293784499,-57.91057855862462,-54.81620560130371,-47.02829374264691,-48.32185317888409,-52.851244174198314,-48.711235201671904,-52.54310524128158,-51.41928683630132,-51.09968365465924,-50.45345308893992,-54.822965926879185,-59.22976694295994,-47.136398135588756,-67.29899275337873,-80.74507534921887,-84.60043993177236,-74.17213191594061,-82.3845454436477,-80.4998074528308,-85.12552897050358,-64.98238452329473,-86.005156513808,-93.70636627860635,-54.3879275855484,-20.05978353739343,-18.420208685062008,-21.560157055430576,-16.108394607694354,-15.952197112094595,-19.666066082411266,-18.437313270938994,-18.89556294385646,-19.387986501258574,-20.161288299363623,-20.3913833944023,-19.659905011504524,-22.500572725342572,-25.507608309629102,-26.049250806906727,-21.54362573332515,-22.0098850546888,-19.45252832451239,-19.336156080591937,-20.2993568034844,-18.220148881933774,-22.264397529406473,-19.546874238440054,-25.2736515052096,-26.05421536565762,-24.29455138814877,-7.036032723827082,ebola_sl_2014
2,31,27,-119.39022122838044,-113.59810005959139,-129.68635325057866,-116.43669362158035,-112.09475061791365,-103.88128998877471,-104.28597935954701,-112.89962395677648,-106.42585478701379,-113.7483392387471,-112.08445042561503,-110.7631558066678,-111.45949681335965,-123.15658541062405,-131.7486954564129,-106.0572530547314,-138.84532060520525,-159.74989540704917,-164.21584112930765,-149.36132517579247,-159.57777158863217,-161.27039050654082,-166.51000320445803,-139.22341002498564,-175.03860389853105,-185.9839383147576,-95.13831681885748,-91.95823928644887,-87.62046461274696,-100.36130700172518,-92.4922584734114,-87.88272487222679,-76.39342565167406,-77.83630962117014,-86.08431388642751,-79.02261486100439,-86.12559683446453,-83.61675625859755,-82.9779781432718,-81.42301362583717,-89.8082746189122,-97.43874791703334,-76.73409435366219,-109.25228132789127,-132.2177263326023,-137.0804481700459,-121.33300782513331,-133.94989610435832,-131.07312258708345,-139.3004346002014,-105.61846485301906,-141.2340055874721,-153.77009768737108,-80.14740719652713,-27.431981941931564,-25.977635446844424,-29.325046248853475,-23.944435148168946,-24.212025745686862,-27.487864337100653,-26.449669738376876,-26.815310070348975,-27.403239926009405,-27.622742404282572,-28.467694167017484,-27.785177663396,-30.036483187522478,-33.34831079171186,-34.30994753937955,-29.32315870106921,-29.593039277313967,-27.532169074446884,-27.13539295926175,-28.02831735065917,-25.627875484273865,-30.19726791945736,-27.20956860425661,-33.60494517196659,-33.80459831105894,-32.21384062738653,-14.990909622330356,ebola_sl_2014
3,65,59,-251.3747788368998,-244.8121348303184,-265.17487909204567,-250.26416045488048,-239.87435812402182,-204.87494905102707,-208.54666186924538,-226.72033141209727,-210.57737815100504,-226.0654967852222,-219.7746125777915,-218.325392236837,-215.95300892558905,-244.3712582592537,-257.42441922222054,-207.19675721502935,-272.0606428225684,-316.788201597672,-326.62778590915445,-294.1259355994756,-314.72904513573593,-313.3416005629168,-327.64914662531237,-269.40596238980993,-365.43143707451173,-360.27428189032025,-190.90644770483652,-210.2083616441332,-203.2589828699251,-221.34266668382077,-212.56967075954537,-200.83139804621499,-163.7912998233526,-168.9643903647077,-185.35889266399352,-169.63873013049636,-185.62114915207093,-177.85054931785655,-176.91575034441578,-172.236466085122,-196.12861174208268,-205.8061258402678,-163.49843140549717,-227.10838125157193,-272.98184361747633,-281.33539511295487,-252.3876757281286,-275.12914524257775,-269.0635142782762,-284.7465136578081,-217.15400042199758,-285.80325812280876,-309.8959967788011,-167.66485754933404,-41.1664171927666,-41.55315196039331,-43.832212408224926,-37.69448969533511,-39.04296007780683,-41.08364922767448,-39.582271504537694,-41.36143874810375,-40.93864802050867,-40.44434763315126,-41.92406325993493,-41.409641892421206,-43.71654284046705,-48.242646517171,-51.61829338195275,-43.698325809532186,-44.952261570996484,-43.806357980195685,-45.292390796199584,-41.738259871346976,-39.59989989315816,-44.278086284640615,-42.90263296750426,-52.25196196781232,-79.62817895170296,-50.37828511151916,-23.24159015550247,ebola_sl_2014
4,74,62,-297.80039329314303,-291.25532686570455,-308.512506278557,-299.03295615362424,-286.0350391298598,-239.99307203710316,-244.0172391328236,-263.86165930628124,-245.75349019232698,-262.0577029347383,-254.74008410475398,-253.57181482613683,-570.9979385673493,-602.5496564681366,-613.3862524349686,-241.48396121555027,-631.1914241681816,-361.9188259177586,-372.2260967351097,-335.961192455839,-358.49345009264744,-356.9592760268991,-372.8976501513788,-626.0960831599439,-728.4554529840007,-724.8664881153043,-228.51548059880008,-246.23266295997576,-239.29614548442046,-254.63831225925523,-250.44916843840298,-235.97941215595327,-188.0588785752999,-193.72476160569266,-211.68889066343664,-194.0961451672617,-211.61113356807965,-202.53768495601886,-201.5262923654337,-196.5724948648319,-224.42583890681493,-233.48277641065027,-186.90815455946583,-256.3986214584801,-306.95740892474595,-315.83502710546685,-284.4306122506739,-309.08491828015667,-302.27407315700884,-319.7284548418956,-244.83425633344785,-320.2871292717517,-346.2796803711052,-190.23916660722585,-51.56773033316729,-51.95918138128409,-53.87419401930178,-48.58378771522125,-50.05562697390652,-51.934193461803254,-50.29247752713091,-52.172768642844616,-51.657345025065254,-50.446569366658636,-52.202399148735125,-52.04552246070312,-374.4254437025173,-378.12381756132163,-379.90347602431825,-54.57580665608444,-374.79280270970145,-54.96141699301268,-56.39106962964285,-51.53058020516512,-49.40853181249075,-54.68520286989026,-53.16919530948317,-381.26182682649596,-408.16832371224893,-378.586807744199,-38.27631399157421,ebola_sl_2014
5,76,62,-310.2475739106275,-303.9325297873898,-319.1260606199761,-311.67878507948944,-297.3181978662666,-247.61315305298933,-252.3177539038522,-272.51092648427414,-254.0357768370779,-386.8931532657104,-262.84988726718086,-261.5673927010305,-695.2654789782682,-725.9281392880939,-736.2297956190022,-363.9325811672922,-756.6935317984921,-372.1986879726323,-383.8190330018667,-346.2971905801359,-370.00867189751625,-367.7584721711335,-384.2241251722658,-749.8481203037185,-853.9060567480234,-851.1557437852696,-238.11925277861837,-256.0832811486593,-249.40655012800914,-263.034518476913,-260.7883353000768,-245.18470350016193,-193.60034674170404,-199.79756670540934,-218.09793875992594,-200.2801504264971,-217.44372552810898,-208.53764042747744,-207.43373999592032,-202.34463605317035,-230.58868810253855,-239.6077566220476,-191.1199132522939,-263.7455688699828,-315.2253922585459,-324.8878360129454,-292.5268740004882,-317.93044300887675,-310.9861215458768,-328.5958029217386,-251.67258729694115,-328.6148680164994,-355.2998342714562,-195.47738496611294,-54.16429276196821,-54.52597965938064,-56.091542143063116,-50.890449779412634,-52.13349436610467,-54.012806311285274,-52.52018719844287,-54.412987724348206,-53.7556264105808,-169.4494277376014,-54.31224683970345,-54.13365270511016,-492.92084292509793,-495.3394511855554,-496.6220389969546,-172.8126679149983,-492.94796292850936,-56.97329571408637,-58.93119698892135,-53.77031657964771,-52.07822888863952,-56.772350625256685,-55.62832225052724,-498.17553300677736,-525.291188731524,-495.85590951381334,-42.64186781250544,ebola_sl_2014
6,83,62,-347.03524809137383,-340.6404578769817,-355.12105274507246,-349.2042417485442,-332.75187968004104,-275.3602244091486,-281.0550956577396,-303.64536525515103,-283.27916563713745,-826.010854027103,-292.2712357006046,-290.7168063392461,-1130.2555185241254,-1161.2837899305566,-1171.600781347105,-797.4085967506667,-1198.2042821456484,-412.3930319921586,-425.91728234713275,-384.0143936662705,-410.43906354006475,-407.0599974282791,-425.66564855009875,-1186.5300150001046,-1297.8155206596743,-1299.3406021127394,-265.3041019753445,-283.02714429973145,-276.01523131866645,-289.4463446730419,-288.4113663849642,-270.588943471339,-211.65677707597348,-218.88584915008238,-239.05816706224755,-219.99446780630848,-237.93859670100673,-228.55575471298513,-227.154496356407,-221.27616465601037,-252.1658548935339,-262.03911640992794,-207.07357937181928,-288.49286252069953,-344.7072871019448,-355.6858143159669,-320.4911559774007,-348.19716651497555,-340.8030069340257,-359.78206110322066,-275.2404626014031,-359.2350762449227,-388.75767387492664,-210.7716639707757,-64.00810379164237,-64.62522655831523,-65.6747080720306,-60.79287536358,-62.16293620870202,-63.70344733317515,-62.169246507657235,-64.5871981929035,-63.284697830828954,-588.0722573260963,-63.715480987619515,-63.562309982839096,-908.9793538681149,-909.1179350370228,-909.561664937177,-590.3350173788474,-909.7114196249488,-67.68574489021383,-70.23146803116586,-63.52323768886982,-62.24189702508919,-66.25699049425342,-65.88358744687808,-911.2895523987015,-938.5804444147516,-910.5829282378128,-54.532438004568824,ebola_sl_2014
0,3,1,-7.411516401517677,-8.21848057881912,-7.348831876740082,-8.32702580318695,-8.365448258446683,-11.689426154287707,-10.908378883864165,-9.652882400670235,-10.942762036772367,-9.360966313927475,-10.176164768440001,-10.276284604115757,-10.000684870941333,-8.34128372639239,-8.669274784997365,-15.28650665911176,-13.035187952332201,-14.253141569109687,-14.53434106547251,-13.011450285782159,-13.939298249578922,-13.591687462696074,-14.49653970238665,-11.380909561437754,-14.487070007327386,-14.727237324141791,-11.613603032723672,-5.88334266825294,-6.555765508452345,-5.719712026062449,-6.256627743467818,-6.22779030805073,-9.827291063070659,-9.11602831887077,-7.99075640719677,-9.082750550617659,-7.5201607610290075,-8.390551699104222,-8.396644675454137,-8.324704623282884,-6.602167802281437,-6.898705294780221,-12.824346800495809,-11.38240281586388,-12.277635632392926,-12.955238844362096,-11.123808084642947,-12.240992954499243,-11.931566341179124,-12.58582516242742,-9.584967692814471,-12.647446646836842,-12.78531729413816,-9.534161491043836,-1.5281737332647372,-1.6627150703667755,-1.6291198506776325,-2.0703980597191327,-2.1376579503959534,-1.8621350912170485,-1.7923505649933944,-1.6621259934734653,-1.860011486154707,-1.8408055528984686,-1.7856130693357788,-1.87963992866162,-1.6759802476584498,-1.7391159241109526,-1.7705694902171434,-2.4621598586159514,-1.652785136468321,-1.9755059367167611,-1.5791022211104144,-1.8876422011392122,-1.698305295079679,-1.6601211215169493,-1.9107145399592294,-1.7959418686232826,-1.8396233604905445,-1.9419200300036312,-2.0794415416798357,mers_kr_2015
1,18,2,-46.497801637654874,-45.97049905866763,-52.97522203245632,-47.76653568610864,-48.38304544020747,-54.508485999015605,-54.619441095447215,-55.094726266231035,-54.03116121067634,-54.45376368998748,-54.85724952241128,-55.46410953798299,-53.78308050094786,-54.309320393256584,-58.310678121522436,-65.12325650675012,-70.71885714786083,-84.80856533572037,-85.65439075681783,-75.33879428028543,-82.53446224472312,-80.28963180989135,-84.7937270188809,-66.40434650495922,-85.94698572643988,-92.21654503862709,-65.9949732965574,-40.72295985389603,-39.57168669594569,-46.95242251461033,-40.31306142636297,-40.31989645626819,-47.459079431100456,-46.71080321669606,-47.5272822650709,-46.63575836877707,-48.0334901351972,-47.89421011267656,-48.13192138826909,-47.81883768523778,-48.65034665291393,-52.33290500285801,-57.48146121952361,-64.78769743751394,-77.08606856668348,-79.08780520040528,-68.62476697169146,-75.91823171472197,-73.85219998129071,-78.45820591195255,-60.42536279300637,-80.32937728448096,-86.00797195180436,-55.84768229027955,-5.774841783758848,-6.398812362721939,-6.022799517845988,-7.453474259745665,-8.063148983939277,-7.04940656791515,-7.908637878751158,-7.567444001160132,-7.395402841899272,-6.420273554790281,-6.963039409734719,-7.332188149713904,-5.964242815710083,-5.658973740342656,-5.9777731186644205,-7.641795287226512,-5.931159710346897,-7.7224967690368915,-6.566585556412548,-6.7140273085939715,-6.616230530001144,-6.437431828600633,-6.335521106928354,-5.97898371195285,-5.61760844195892,-6.208573086822725,-10.14729100627786,mers_kr_2015
2,95,16,-249.645925458163,-245.98177255873946,-283.24973444397256,-246.90565088113775,-248.8096831868495,-293.7092756383029,-293.0294125794943,-295.45275927787895,-287.0694515117475,-292.9770286524234,-293.3115795952688,-295.2614344066052,-292.0299982204606,-293.2975739055779,-312.3158365256049,-352.69611520491856,-382.0640518409747,-447.27418552259905,-460.0707557097213,-401.4909590380501,-440.96263619941476,-428.9521069257592,-451.90461253199084,-357.8821402712548,-460.94814407467817,-491.6791550172611,-285.70337815443077,-212.81030879936145,-208.02045398751181,-244.8957488084315,-208.53212616367082,-209.27852723712346,-251.71706988975552,-249.09050568482718,-250.74877960862025,-244.75797368595528,-252.3212671474132,-252.38591394183692,-253.35424848351244,-252.88955614574408,-254.66149772699274,-272.5119527210978,-305.88929855933225,-342.42218036521854,-402.3703516570367,-418.26994958095804,-360.5466600257216,-400.62415906445347,-388.62218319645245,-412.46827395225216,-317.9862506388167,-422.0371904067181,-450.1441847199379,-238.75771480139073,-36.83561665880153,-37.96131857122765,-38.35398563554107,-38.37352471746692,-39.53115594972603,-41.9922057485474,-43.93890689466715,-44.70397966925872,-42.3114778257922,-40.655761505010204,-40.92566565343192,-41.90718592309278,-39.1404420747165,-38.63607617858516,-39.80388380450704,-46.806816645586295,-39.641871475756155,-44.9038338655624,-41.80080612876324,-40.94429901232847,-40.338477134961295,-40.32992372930675,-39.43633857973867,-39.89588963243804,-38.91095366796009,-41.53497029732318,-46.94566335304002,mers_kr_2015
3,154,19,-394.26528104798837,-388.0447517524674,-447.8560398093549,-390.0372568809045,-392.80463751406023,-468.23663862200704,-464.29329002233186,-467.22860713960574,-455.45132115977276,-464.23933888200315,-465.22780013515575,-467.67006992827646,-464.0960904396818,-465.01806688273723,-494.81630969557597,-563.0808897834669,-611.316121700333,-713.6288958377967,-735.1482030123366,-641.0398576506519,-704.4757413983284,-685.1613796424665,-723.6955507403594,-569.9893659471345,-738.8163342860497,-785.1829507423435,-429.58926371563234,-340.68301923205,-333.5783283597744,-393.63792403827074,-334.9745267106729,-336.6703761443097,-410.5025708352815,-404.49861537267066,-406.3643901788125,-397.48191216580807,-408.1989899868651,-408.8008113539721,-410.25087912425465,-409.26134931322343,-410.79567765673187,-439.4761801727028,-500.53653775367445,-555.6894151961658,-652.2670567168818,-676.6118078831672,-584.5499735471849,-648.3200284433588,-628.9490073896736,-668.5361928938714,-514.4211723299771,-684.327241991564,-727.9414924750909,-367.23101500573307,-53.58226181593835,-54.46642339269301,-54.2181157710842,-55.06273017023166,-56.13426136975053,-57.73406778672555,-59.794674649661204,-60.86421696079321,-57.96940899396468,-56.04034889513807,-56.42698878118363,-57.41919080402183,-54.834741126458354,-54.222389226005355,-55.340129522873134,-62.544352029792385,-55.62670650416721,-61.361839120914816,-58.53639512916941,-56.489884103467006,-56.15571295496961,-56.21237225279293,-55.15935784648803,-55.568193617157405,-54.48909229448561,-57.24145826725258,-62.358248709899264,mers_kr_2015
4,162,19,-412.6785161384105,-405.59252391479777,-470.29113961846247,-407.9143831725934,-411.06450388910673,-489.7296540511635,-485.7251526797272,-489.4431271623831,-476.5961556440444,-486.99820977127337,-487.356189400646,-489.910890979027,-485.9937029184025,-488.47932338022423,-519.8407902077454,-589.144626492021,-640.7864919097015,-749.2160987623643,-771.1415542737128,-672.7220762873171,-739.124661382912,-718.8412806301562,-759.5260630594844,-597.7501526589033,-775.6658730510476,-824.7283191316511,-446.81412678859414,-358.09218500282356,-350.1064560855734,-415.03531187792674,-351.7963443841665,-353.84728669753696,-430.8543381970329,-424.7543560888115,-427.39986899444546,-417.4799534486373,-429.8743422744295,-429.7963544907936,-431.35352086167535,-430.16174297539726,-433.2403592459903,-463.45639831910376,-525.4344722288872,-584.1338079845416,-686.6424293670631,-711.5287605953646,-615.1278385292625,-681.9133919165289,-661.547027770586,-703.3569739433584,-541.1849706092519,-720.1841252179213,-766.430507036388,-383.5166998564445,-54.58633113558696,-55.48606782922431,-55.255827740535715,-56.11803878842688,-57.21721719156976,-58.87531585413055,-60.97079659091572,-62.04325816793764,-59.11620219540716,-57.12386749684384,-57.559834909852384,-58.55737011735165,-55.83195994300526,-55.2389641342339,-56.3843918886416,-63.71015426313376,-56.652683925159884,-62.5736693953012,-59.61279367834824,-57.59423775805469,-57.21126946638305,-57.29425285957019,-56.169089116125946,-56.56518204965147,-55.48174783312631,-58.29781209526307,-63.29742693214963,mers_kr_2015
