outbreak,n,gold,real,OS,real+OS,bootstrap,real+bootstrap,bayesian_network,real+bayesian_network,arf,real+arf,ctgan,real+ctgan,tvae,real+tvae,corr_OS,corr_bootstrap,corr_bayesian_network,corr_arf,corr_ctgan,corr_tvae,dr_OS,dr_bootstrap,dr_bayesian_network,dr_arf,dr_ctgan,dr_tvae
covid_2020,11201,0.7672277442767094,0.749333863321644,0.7549025360552007,0.7542215945262519,0.7465752861875486,0.7464632335381665,0.7262867563323875,0.7431734378091911,0.7469368357922649,0.7496620149146375,0.7381563671345107,0.7474557008113584,0.7436318407782033,0.7440641450757692,0.01668597232074756,0.019330786387002835,0.03972854017543124,0.019298542676519113,0.03850173412999651,0.025761155472393674,0.01998657262744402,0.005233427372555999,0.20966657262744398,0.0008465726274439755,0.13516657262744403,0.00997342737255602
covid_2021,25045,0.7162769107963312,0.7051740778474627,0.7059438004714933,0.7059052617533866,0.7043923917047072,0.7045446332455685,0.6735001405344445,0.6960955972179971,0.6955990104056085,0.7031669587217907,0.6454500526770222,0.681540013857009,0.673622931386332,0.6940714515287962,0.011644117889185814,0.01425040353229013,0.034931634463913605,0.014879887458686385,0.035509373661443036,0.020985348090456886,0.002371319624675572,0.0007313196246755971,0.1488713196246756,0.001291319624675602,0.23309131962467555,0.03214868037532442
covid_2022,25656,0.7510247374969061,0.745608282806438,0.7456234282451395,0.7460735403117672,0.744681117649818,0.744948888504211,0.6545719510506782,0.7182673763662135,0.7386887849931357,0.7435535697449814,0.7151817300416115,0.7376802865514493,0.717958702581206,0.740491370307603,0.014680030265078556,0.017847401857922877,0.039906197980488764,0.01836867379175662,0.033268243709160365,0.024162587239451475,0.014862987215466195,0.00020298721546618825,0.17158298721546617,0.0028029872154661795,0.08129701278453383,0.006017012784533815
flu_2013,1786,0.8270797598627787,0.8161270726129217,0.8273464939148901,0.8279488789512375,0.7809998570611778,0.7812295801682594,0.7116592134280815,0.743425452299273,0.8283547231070816,0.8290936657681941,0.6339834497263741,0.6978477497345421,0.7926742577391163,0.8083337162051785,0.026192517965841003,0.02623630375036382,0.04560388317727669,0.025754758298280996,0.05986462515554057,0.04820707938079885,0.0044101007838745765,8.989921612539975e-05,0.049590100783874574,0.0003698992161254022,0.07436989921612541,0.06408989921612541
flu_2014,194,0.8014309764309764,0.7579244829244829,0.8072631072631072,0.8071789321789322,0.7121572871572871,0.712012987012987,0.7793530543530544,0.7794011544011544,0.8035233285233285,0.8035473785473786,0.5680976430976431,0.5947450697450698,0.7393097643097644,0.74503367003367,0.033512482595845335,0.057000677298770425,0.0601779249850011,0.04294419933954317,0.061569117823627485,0.0514974674176026,0.000525567010309258,0.00252556701030926,0.005514432989690732,0.007474432989690721,0.08295443298969074,0.060025567010309255
flu_2015,81,0.749126552795031,0.6242236024844721,0.763640873015873,0.7635330400276052,0.5936853002070394,0.593706866804693,0.576237922705314,0.579623878536922,0.7645358868184956,0.7643202208419599,0.3640226017943409,0.3732315389924086,0.7173697377501725,0.7181677018633541,0.047703582881540876,0.10517199377906758,0.10193808083094663,0.06728103596804232,0.07322524804736956,0.06653832849619655,0.004202469135802467,0.0011024691358024752,0.012722469135802467,0.005417530864197551,0.021677530864197547,0.061442469135802466
flu_2016,269,0.7748052400882446,0.7322317458366239,0.7723360713563672,0.7721760344319055,0.6717629149604759,0.6716944933768294,0.7333319030516413,0.7335793031281034,0.7569311644077881,0.7569953338026204,0.43361560135807176,0.4816471665153274,0.7052390445254422,0.7060846502555372,0.02254886865259381,0.05715810860489705,0.06014210920120637,0.03372165711224491,0.05354871774094682,0.04189802974054914,0.008771449814126392,0.00021144981412637986,0.01317144981412638,0.006931449814126384,0.04989144981412638,0.01854855018587362
flu_2017,84,0.7954174884944116,0.6435042735042735,0.7990170940170941,0.7988527284681131,0.5992307692307692,0.5992472057856674,0.6604947403024326,0.660664036817883,0.6823865877712032,0.6820611439842208,0.5978665351742274,0.6025641025641026,0.6647435897435897,0.6624063116370809,0.028966980649144457,0.08008158219801288,0.09656718276048559,0.05239106218181687,0.06332146718067552,0.060986037525099304,0.013668571428571419,0.0004314285714285826,0.06439142857142857,0.0034314285714285853,0.020471428571428585,0.11961142857142858
flu_2018,421,0.7902533167285746,0.7556340146103047,0.7882108150815297,0.788080380768499,0.6998280676364221,0.6997910974012002,0.7053906341516909,0.7063838457518707,0.7694359588292814,0.7695028375694023,0.6898531658567831,0.7025501569781112,0.6818534715881666,0.6821068630880033,0.025488051079795036,0.04648135291635207,0.06506224821209773,0.036893929107084306,0.054321972057164956,0.047297570760022285,0.012449216152018994,0.0014292161520189917,0.007469216152019009,0.0050292161520190115,0.03106921615201899,0.03007078384798101
flu_2019,59,0.7762962197892997,0.6138748568102008,0.7780891438658428,0.7779163771572366,0.5834650992469624,0.5835045351261009,0.6223822087848115,0.6134241610486189,0.6930076430489568,0.6927813562186625,0.5112288971099134,0.5139706296595369,0.6637208690916603,0.6634842538168297,0.03238007094139705,0.09546337987542154,0.09348091155196152,0.05101614656568545,0.0540758743524234,0.05252078186293391,0.008688474576271199,0.0025915254237288132,0.02424847457627119,0.0091884745762712,0.0047515254237288085,0.0650915254237288
flu_2020,161,0.7764803312629399,0.7433540372670807,0.7676604554865425,0.7680745341614906,0.6944927536231884,0.6945341614906833,0.6503105590062112,0.6502277432712215,0.7263354037267081,0.7262111801242236,0.7077018633540373,0.7139958592132506,0.6460869565217391,0.6768115942028985,0.04993243051203387,0.08449179142282166,0.08801785645504025,0.06852343400197984,0.07076082740638803,0.07256932873823123,0.0063234782608695694,0.00012347826086957225,0.03426347826086956,0.0009434782608695735,0.03292347826086957,0.06033652173913043
flu_2021,108,0.7741477272727273,0.6685970279720279,0.7977491258741258,0.7977491258741259,0.6133085664335665,0.6135270979020979,0.658326048951049,0.6565777972027973,0.7088068181818181,0.7070585664335665,0.5499344405594405,0.5597683566433566,0.48918269230769235,0.5302666083916084,0.06092396482727894,0.08137841719345135,0.09344212918229151,0.06817239060398902,0.07730679841582348,0.07666464880876418,0.006195555555555565,0.0014444444444444426,0.09478444444444445,0.004355555555555557,0.02660444444444446,0.05932444444444446
flu_2022,3385,0.7758615365612649,0.7734220602766799,0.7667482398715415,0.7675588253458498,0.7719823060770751,0.7720788043478262,0.6972887845849802,0.7134734745553358,0.773734714673913,0.7739701704545454,0.7006160449604744,0.7203595911561265,0.7404968502964426,0.7486181447628458,0.03009669857241417,0.03350017419419027,0.05185385445562879,0.03349721629652338,0.054301867528255825,0.044546803058899624,0.001795096011816849,0.002744903988183167,0.06989509601181684,0.002555096011816832,0.06920490398818316,0.04518490398818316
othervirus_2014,138,0.7895556354054377,0.6999241426118897,0.8082804327863616,0.808240507845251,0.6485806683435142,0.6487004431668463,0.5682516868287619,0.568930410827644,0.7533437138180221,0.75266498981914,0.5803489439853076,0.589571605381882,0.5078452509282549,0.5225376292569969,0.03846417754579505,0.08045367891008331,0.0813657086798057,0.05201945339157628,0.051468476549566,0.05090254934645685,0.0076962318840579635,0.0028837681159420286,0.00907623188405797,0.0018437681159420294,0.010796231884057969,0.015143768115942029
othervirus_2015,370,0.839881509198628,0.769691300280636,0.8512472715933895,0.851403180542563,0.7309167446211413,0.7309167446211413,0.7067820392890551,0.7086997193638915,0.8052229497973185,0.805675085749922,0.6073433115060805,0.6280947926410976,0.7967726847521048,0.8002650452135952,0.048977299476468075,0.07738627384472102,0.10445362722359154,0.05660403511616491,0.06839867193981086,0.06037676638582503,0.0039675675675675676,0.0005075675675675628,0.0006275675675675649,0.00018756756756756893,0.025067567567567568,0.020272432432432434
othervirus_2016,823,0.8577438947235227,0.7952302347785076,0.8461545097948995,0.8457749071123738,0.7279657897461264,0.7279485350787387,0.49633625895804817,0.4993241921939885,0.8386861145939978,0.838706245039283,0.7091150656252516,0.7773342689197429,0.8040013573671677,0.8076564710754259,0.03248400315887393,0.04549749749928241,0.07891447401966444,0.03947878313791537,0.06410449346421261,0.055334494091621916,0.0015263912515188355,0.0002936087484811667,0.23742639125151882,0.0009863912515188367,0.03242639125151883,0.03285360874848117
othervirus_2017,240,0.7958925770663005,0.6706909104905108,0.7749032160807243,0.7744317252395141,0.5431991455431286,0.5430804709776539,0.7209159110518095,0.721223823437906,0.7804392241890838,0.780249986368462,0.55911436699949,0.581861394522367,0.6463209280992505,0.6592051370049747,0.028262138842147753,0.06270706936155347,0.08710114659753192,0.04598828307770209,0.05500666914781849,0.05336869214798661,0.007753333333333334,0.0012733333333333346,0.00461333333333333,0.00218666666666667,0.04711333333333334,0.04002666666666667
othervirus_2018,568,0.8281465479572936,0.7477720677726218,0.8231753975747991,0.8230080761877154,0.6771496535274972,0.6769887265883275,0.6505626048423022,0.656255794968422,0.7963933182282262,0.7966874628322714,0.6258310117934934,0.666412309738531,0.7897889192743579,0.8084958766468369,0.02645156352048613,0.04575666605402749,0.07045087559671216,0.039332934145363166,0.054625204871986556,0.04937102958056922,0.004982535211267611,0.0015374647887323942,0.01844253521126761,0.0017625352112676101,0.03498253521126761,0.03261746478873239
othervirus_2019,194,0.8231298680993804,0.7776770993234408,0.8288187929956223,0.8290533145716072,0.7691277218716244,0.7690744215134458,0.7437212178065837,0.7442400079595201,0.8358562169537778,0.8356572289499118,0.6721779237023139,0.6897244016146455,0.7876904599465574,0.790579339359827,0.037693761787755235,0.07468076497945683,0.06388063806259785,0.055341132637016656,0.0584591830128807,0.05712298686494432,0.0015150515463917547,0.000244948453608243,0.010215051546391754,0.0021950515463917547,0.03851505154639176,0.03744494845360824
othervirus_2020,160,0.8189902823095474,0.7671478223861541,0.8546691020002837,0.8543321747765641,0.530571712299617,0.5303766491700951,0.6769399914881544,0.6788817562774861,0.8065239750319195,0.8061870478081998,0.6048198326003689,0.6366949212654276,0.6013441622925237,0.6995761810185841,0.0404670136397547,0.07632585831352538,0.09151151879253819,0.05331991792375945,0.06362488673456297,0.06148320388095977,0.0037699999999999956,0.0007300000000000084,0.012170000000000007,0.0018699999999999967,0.027569999999999997,0.03121000000000001
othervirus_2021,1129,0.8553454364537402,0.7911000442241907,0.8393824547027224,0.8388816807793863,0.7457019614729257,0.7454938476346562,0.8036649172097137,0.8049282332435842,0.8201172916585372,0.8201221693266216,0.6117319298656365,0.6479486153926197,0.7856338041908923,0.7876060079863686,0.02327767814262663,0.03608286188864187,0.05257824004443431,0.030913944985129938,0.05581189920074239,0.04898364411987899,0.001679114260407441,0.0005408857395925587,0.01431911426040744,0.0021991142604074407,0.02791911426040744,0.01958088573959256
othervirus_2022,1069,0.8319155881139075,0.7192688151188625,0.8100151421546031,0.8097290953241203,0.6374290305749959,0.637161775142136,0.6508816993362461,0.6531674060656312,0.8074777234940956,0.8073981500449021,0.6609101578639796,0.6823014961432396,0.7885663857159395,0.7929438533918356,0.018018652140616234,0.03283658392311161,0.05676727535991151,0.022622860859503626,0.05352252073238705,0.03903873547602191,0.0005108699719363896,0.000909130028063608,0.0763291300280636,0.00016913002806361044,0.04466913002806361,0.02313086997193639
