week,n_so_far,deaths_so_far,score_total::h1n1_2009,score_total::STRANGER,score_profile::h1n1_2009,score_profile::STRANGER,score_severity::h1n1_2009,score_severity::STRANGER,fob,score_total::flu_2013,score_total::flu_2014,score_total::othervirus_2013,score_total::othervirus_2014,score_profile::flu_2013,score_profile::flu_2014,score_profile::othervirus_2013,score_profile::othervirus_2014,score_severity::flu_2013,score_severity::flu_2014,score_severity::othervirus_2013,score_severity::othervirus_2014,score_total::flu_2015,score_total::othervirus_2015,score_profile::flu_2015,score_profile::othervirus_2015,score_severity::flu_2015,score_severity::othervirus_2015
0,2,2,-11.597345869414582,-7.742402021815781,-6.992777850185677,-6.356107660695891,-4.604568019228905,-1.3862943611198906,h7n9_cn_2013,,,,,,,,,,,,,,,,,,
1,3,2,-15.213506798028225,-11.942107099695708,-10.446683440540996,-9.169518377455926,-4.76682335748723,-2.7725887222397816,h7n9_cn_2013,,,,,,,,,,,,,,,,,,
3,4,3,-18.61778882692027,-15.256293104368234,-12.95673301849739,-11.972878758362462,-5.661055808422876,-3.283414346005772,h7n9_cn_2013,,,,,,,,,,,,,,,,,,
4,10,8,-43.30385453941713,-37.836232896340704,-33.02023617771483,-31.426880721125997,-10.283618361702299,-6.409352175214704,h7n9_cn_2013,,,,,,,,,,,,,,,,,,
5,17,14,-75.52419145140256,-59.3087303025102,-61.48157686825125,-49.78699133146492,-14.042614583151309,-9.52173897104528,h7n9_cn_2013,,,,,,,,,,,,,,,,,,
6,29,19,-129.92085862069553,-100.82103167070295,-105.54564062620241,-79.21033648301068,-24.375217994493106,-21.61069518769228,h7n9_cn_2013,,,,,,,,,,,,,,,,,,
7,42,21,-183.51359238971108,-147.0970251753367,-148.22626363077978,-113.21280887722759,-35.287328758931295,-33.88421629810912,h7n9_cn_2013,,,,,,,,,,,,,,,,,,
8,50,24,-220.05526790858266,-171.64217490535665,-179.88849453731302,-132.04749598531907,-40.166773371269635,-39.59467892003758,h7n9_cn_2013,,,,,,,,,,,,,,,,,,
9,58,26,-255.44643724414215,-194.50460972659516,-210.04401422793111,-149.62861804429616,-45.402423016211046,-44.87599168229899,h7n9_cn_2013,,,,,,,,,,,,,,,,,,
10,69,27,-292.8080825824318,-232.82055484316157,-240.32624303620278,-181.42667065348314,-52.48183954622901,-51.39388418967842,h7n9_cn_2013,,,,,,,,,,,,,,,,,,
11,71,27,-300.29135533784154,-238.93269760193243,-247.16670668247232,-186.6240600191902,-53.124648655369185,-52.30863758274221,h7n9_cn_2013,,,,,,,,,,,,,,,,,,
12,72,28,-303.9976676584656,-241.9747227307227,-250.1323469213218,-188.5737405240402,-53.8653207371438,-53.40098220668251,h7n9_cn_2013,,,,,,,,,,,,,,,,,,
16,73,29,-307.6880573052592,-244.8850296888258,-253.09798716017133,-190.46975001464205,-54.59007014508783,-54.41527967418375,h7n9_cn_2013,,,,,,,,,,,,,,,,,,
22,74,30,-312.49696938161253,-248.53049821500105,-256.876160046456,-193.26003831398123,-55.620809335156565,-55.27045990101981,h7n9_cn_2013,,,,,,,,,,,,,,,,,,
0,3,3,-14.589007140109958,-11.613603032723672,-8.678553813674577,-9.534161491043836,-5.9104533264353805,-2.0794415416798357,ebola_sl_2014,-12.361326847708016,-11.425431751399072,-16.26726732894769,-17.579613311380307,-7.595156461519496,-7.058365242882128,-10.865037422203152,-12.822970308740492,-4.76617038618852,-4.3670665085169444,-5.402229906744536,-4.756643002639815,,,,,,
1,19,18,-68.6800238689139,-61.42396030937548,-47.136398135588756,-54.3879275855484,-21.54362573332515,-7.036032723827082,ebola_sl_2014,-66.65711470606672,-64.66785828049797,-89.30212182243349,-98.26413758890399,-47.01088603007156,-47.42782464274655,-67.34796676098506,-78.51810435966262,-19.646228675995168,-17.240033637751424,-21.954155061448425,-19.74603322924138,,,,,,
2,31,27,-106.0572530547314,-95.13831681885748,-76.73409435366219,-80.14740719652713,-29.32315870106921,-14.990909622330356,ebola_sl_2014,-103.82648692822609,-101.45887133503732,-138.86906908248397,-156.02051163436178,-76.35121582830925,-76.53713199257416,-109.32807248066817,-128.0788443610612,-27.47527109991684,-24.92173934246316,-29.540996601815795,-27.9416672733006,,,,,,
3,65,59,-207.19675721502935,-190.90644770483652,-163.49843140549717,-167.66485754933404,-43.698325809532186,-23.24159015550247,ebola_sl_2014,-204.79082811471977,-206.76680631578512,-272.11871266808976,-305.1057991104211,-163.71315266256914,-168.2122555007745,-227.23607019325064,-263.6440919016297,-41.077675452150615,-38.55455081501063,-44.88264247483909,-41.46170720879146,,,,,,
4,74,62,-241.48396121555027,-228.51548059880008,-186.90815455946583,-190.23916660722585,-54.57580665608444,-38.27631399157421,ebola_sl_2014,-239.8962960460036,-242.7471535084602,-631.2103827880003,-349.08969009425675,-187.97023544748157,-192.98938037112163,-256.5357590702506,-296.28601415831434,-51.92606059852205,-49.75777313733856,-374.67462371774974,-52.8036759359424,,,,,,
5,76,62,-363.9325811672922,-238.11925277861837,-191.1199132522939,-195.47738496611294,-172.8126679149983,-42.64186781250544,ebola_sl_2014,-247.5122921870823,-251.20975274377113,-756.7233953539894,-358.65903238823813,-193.50840988185303,-199.01766274925484,-263.88767430040906,-303.98333480968313,-54.00388230522927,-52.192089994516294,-492.8357210535804,-54.675697578555,,,,,,
6,83,62,-797.4085967506667,-265.3041019753445,-207.07357937181928,-210.7716639707757,-590.3350173788474,-54.532438004568824,ebola_sl_2014,-275.2393314092677,-280.49726862964485,-1198.3048824048697,-396.265741984915,-211.5490910605369,-218.27224602341562,-288.6491474102467,-331.75063978419325,-63.690240348730825,-62.22502260622921,-909.655734994623,-64.51510220072174,,,,,,
0,3,1,-15.28650665911176,-11.613603032723672,-12.824346800495809,-9.534161491043836,-2.4621598586159514,-2.0794415416798357,mers_kr_2015,-11.69175862612768,-10.915502389216982,-13.057520585968298,-14.259431164805358,-9.831707330394249,-9.127625278889115,-11.419772342422391,-12.305531875356067,-1.8600512957334312,-1.7878771103278686,-1.6377482435459063,-1.9538992894492915,-9.614483183919022,-14.857412215804283,-8.354977138827644,-13.55041801437227,-1.2595060450913773,-1.3069942014320137
1,18,2,-65.12325650675012,-65.9949732965574,-57.48146121952361,-55.84768229027955,-7.641795287226512,-10.14729100627786,mers_kr_2015,-54.51119964089384,-54.635436577631374,-70.78975252028567,-84.90504676022722,-47.46517458810219,-46.75710794102208,-64.86852016027288,-77.10942625063927,-7.0460250527916575,-7.878328636609298,-5.921232360012789,-7.795620509587952,-58.59908660069699,-87.88362769439246,-50.1208739036901,-81.23932931580376,-8.478212697006898,-6.644298378588698
2,95,16,-352.69611520491856,-285.70337815443077,-305.88929855933225,-238.75771480139073,-46.806816645586295,-46.94566335304002,mers_kr_2015,-293.7277409474968,-293.11774999087805,-382.45804225493714,-447.77142721526013,-251.75354582066126,-249.26483706059,-342.86909667118664,-402.5328417324648,-41.974195126835546,-43.85291293028807,-39.58894558375052,-45.2385854827953,-311.54251037792505,-472.0490003679094,-264.66281673160813,-428.4440597165592,-46.879693646316944,-43.604940651350226
3,154,19,-563.0808897834669,-429.58926371563234,-500.53653775367445,-367.23101500573307,-62.544352029792385,-62.358248709899264,mers_kr_2015,-468.2782326432091,-464.4629313625073,-612.0461898071981,-714.3212604692801,-410.56175573688165,-404.76042313913933,-556.4520149836205,-652.5207346566078,-57.71647690632746,-59.702508223367964,-55.59417482357756,-61.80052581267222,-491.7804981060001,-754.1023754964523,-428.1699441236853,-693.1626553306551,-63.610553982314826,-60.93972016579725
4,162,19,-589.144626492021,-446.81412678859414,-525.4344722288872,-383.5166998564445,-63.71015426313376,-63.29742693214963,mers_kr_2015,-489.7724062210643,-485.91408536308194,-641.5456750094181,-749.9072992515621,-430.9148350001713,-425.0333001202481,-584.9242143014734,-686.8876389457278,-58.85757122089295,-60.88078524283385,-56.62146070794473,-63.01966030583436,-515.2832664005972,-790.8364149601671,-450.27038144463677,-728.8084411794881,-65.01288495596044,-62.027973780678984
