method,mean_gap,outbreaks_below_age,days_below_age,plateau_covid_2020,median_plateau,mean_d0,mean_d14,mean_d28,mean_d56,mean_d90,gap_minus_OS,ci_lo,ci_hi,OS_better_in
OS,0.0052498596488525255,4,66,36.0,0.0,0.7768335013349688,0.7844190978094343,0.7899397986206257,0.798981968063346,0.8025951106861157,,,,
real_only,0.052042417265273144,20,644,36.0,68.0,,0.6993192271239895,0.7120582590287057,0.7445304757866877,0.7828371971990834,0.046792557616420614,0.02833823510507172,0.06465713187088677,19.0
age_only,0.06515962027972332,0,0,,120.0,0.7338753261845636,0.7338753261845636,0.7338753261845636,0.7338753261845636,0.7338753261845636,,,,
pooled,0.020962110217408614,6,552,,0.0,0.7780728362468782,0.7780728362468782,0.7780728362468782,0.7780728362468782,0.7780728362468782,0.015712250568556095,0.0025745896892568395,0.03220792227695924,13.0
stacked,0.010107542941238378,6,306,82.0,0.0,0.7778274047621896,0.780072104682918,0.7861315591589443,0.7916703945216913,0.7962785374383108,0.004857683292385856,-0.0018821577988115596,0.013234080067702058,11.0
finetune,0.00847216205679845,6,184,36.0,0.0,0.7729109585325334,0.7775595542826549,0.786826588457546,0.7956294995241204,0.8016258551154,0.003222302407945926,-0.0006316368715649272,0.007641153170568846,13.0
kin_equal,0.008726787417826658,6,222,36.0,0.0,0.7736336800371866,0.7776325762700185,0.7860021824996644,0.7952092457500577,0.8011940372736653,0.0034769277689741308,0.0013552994905779664,0.005970264519906284,18.0
map,0.01398801854925514,9,278,34.0,0.0,0.7508228168019353,0.7609006591087077,0.7817963564662399,0.7924710576356276,0.8007978620468433,0.008738158900402613,0.0037918781755283096,0.015814164283772525,20.0
rmap,0.016606749862576948,10,296,34.0,0.0,0.7507233714167652,0.7490421190538181,0.7795525485348375,0.7916257713896506,0.8011058902264914,0.011356890213724423,0.00567595307855395,0.01861726856308246,21.0
eb,0.014572037479157257,13,332,36.0,0.0,0.7695770641823437,0.7625482225852572,0.7778618030579129,0.7939701814824972,0.8025836520371774,0.00932217783030473,0.00509036588332712,0.014342031684193656,20.0
bma,0.008129527382233574,9,138,36.0,0.0,0.7676616472274113,0.7719837665937154,0.7881143065598357,0.7979382198085567,0.8016551592788822,0.00287966773338105,0.0009564573912963712,0.005050505142071689,16.0
meta_init,0.012440399808912391,7,276,36.0,0.0,0.7699562244997464,0.7736957695868008,0.7824234470327951,0.7914024110059563,0.7978263825593814,0.007190540160059865,0.004600742188398513,0.00993795283724814,20.0
pooled+fallback,0.01901445962965262,6,474,,0.0,0.7826712378813944,0.7826712378813944,0.7803650457153826,0.7780728362468782,0.7780728362468782,0.013764599980800096,0.0018255632696318016,0.028594747383754063,13.0
stacked+fallback,0.008281627498109729,6,230,82.0,0.0,0.7825854866104642,0.7874363229752509,0.7875425999811909,0.7916703945216913,0.7962785374383108,0.0030317678492572018,-0.0024053801456776673,0.00908151737533633,11.0
finetune+fallback,0.007182627441535527,4,114,36.0,0.0,0.7775274212786146,0.7824612647029711,0.7875185360505,0.7956294995241204,0.8016258551154,0.0019327677926830027,-0.0012482071232599301,0.005176712609126811,13.0
kin_equal+fallback,0.008089149398230295,4,166,36.0,0.0,0.7768335013349688,0.7809447653198621,0.7857440328207548,0.7952092457500577,0.8011940372736653,0.002839289749377768,0.0008850760440928211,0.00509638370370305,17.0
map+fallback,0.010678222059674582,7,220,34.0,0.0,0.7670389707242482,0.7769869364839666,0.7825489825404219,0.7924710576356276,0.8007978620468433,0.005428362410822057,0.0023196814429006984,0.008946629278008308,19.0
rmap+fallback,0.013419962867519846,8,238,34.0,0.0,0.766524889050685,0.7647400273955126,0.7804707097639493,0.7916257713896506,0.8011058902264914,0.008170103218667322,0.003613976765095379,0.013438232085465525,20.0
eb+fallback,0.014084489906033577,11,284,36.0,0.0,0.7727689014694382,0.7656542128154112,0.7759722538617697,0.7939701814824972,0.8025836520371774,0.008834630257181052,0.00442402563631855,0.013919948078258986,18.0
bma+fallback,0.0070259683533507086,7,82,36.0,0.0,0.770902200682742,0.7818056210519524,0.7874766502395597,0.7979382198085567,0.8016551592788822,0.0017761087044981833,0.00028020635862045616,0.003420917166134225,15.0
meta_init+fallback,0.011497698519447746,6,220,36.0,0.0,0.7740103758327781,0.7781423365951339,0.7822882511184794,0.7914024110059563,0.7978263825593814,0.006247838870595221,0.0037953393998148904,0.00886509817482873,20.0
