week,n_so_far,deaths_so_far,score_total::flu_2013,score_total::flu_2014,score_total::flu_2015,score_total::flu_2016,score_total::flu_2017,score_total::flu_2018,score_total::flu_2019,score_total::flu_2020,score_total::h1n1_2009,score_total::othervirus_2013,score_total::othervirus_2014,score_total::othervirus_2015,score_total::othervirus_2016,score_total::othervirus_2017,score_total::othervirus_2018,score_total::othervirus_2019,score_total::STRANGER,score_profile::flu_2013,score_profile::flu_2014,score_profile::flu_2015,score_profile::flu_2016,score_profile::flu_2017,score_profile::flu_2018,score_profile::flu_2019,score_profile::flu_2020,score_profile::h1n1_2009,score_profile::othervirus_2013,score_profile::othervirus_2014,score_profile::othervirus_2015,score_profile::othervirus_2016,score_profile::othervirus_2017,score_profile::othervirus_2018,score_profile::othervirus_2019,score_profile::STRANGER,score_severity::flu_2013,score_severity::flu_2014,score_severity::flu_2015,score_severity::flu_2016,score_severity::flu_2017,score_severity::flu_2018,score_severity::flu_2019,score_severity::flu_2020,score_severity::h1n1_2009,score_severity::othervirus_2013,score_severity::othervirus_2014,score_severity::othervirus_2015,score_severity::othervirus_2016,score_severity::othervirus_2017,score_severity::othervirus_2018,score_severity::othervirus_2019,score_severity::STRANGER,fob,score_total::covid_2020,score_total::covid_mx_2020,score_total::othervirus_2020,score_profile::covid_2020,score_profile::covid_mx_2020,score_profile::othervirus_2020,score_severity::covid_2020,score_severity::covid_mx_2020,score_severity::othervirus_2020
0,7,5,-51.884411575044965,-51.91463362293471,-51.475501138440066,-50.08375156578927,-51.63300694142976,-51.102671017269145,-51.51693358746391,-61.07226223753671,-62.35730451430811,-67.42734403273126,-72.34848941531287,-75.18909992423842,-66.13503296079996,-71.22375331813716,-70.5912609511274,-74.17916611775802,-51.35855839595332,-46.142381278815904,-45.495644277725674,-44.486072059446435,-44.23985896485986,-44.63889147561023,-44.73460266653629,-45.49504391137667,-51.23413440884223,-55.189705653087756,-59.36376874593594,-65.27713225103464,-67.90221018760946,-59.35074944930791,-64.00920638269208,-63.56851236049722,-66.63122755797096,-46.5065281320337,-5.7420302962290615,-6.418989345209032,-6.989429078993634,-5.843892600929407,-6.994115465819531,-6.368068350732857,-6.02188967608724,-9.838127828694484,-7.167598861220354,-8.063575286795313,-7.071357164278223,-7.286889736628966,-6.78428351149205,-7.214546935445069,-7.022748590630167,-7.547938559787058,-4.852030263919617,covid_mx_2020,,,,,,,,,
1,22,8,-130.9768769841126,-131.19939604011378,-130.5041590707676,-128.28228693967924,-130.73044530019482,-130.16592125584148,-128.29919742451747,-144.74973373427522,-154.26802487019194,-163.66268877185556,-182.12121633550348,-187.38967689670122,-165.74486438186494,-177.92633686326258,-174.7785053003962,-181.81664227252796,-139.87234620886363,-116.59128243670693,-115.44922502688947,-114.23229517246611,-113.35593111439213,-115.3151256277963,-115.02688255874259,-113.56370112078315,-126.12427224441711,-138.1170075715563,-148.27684169180674,-166.24802298081968,-172.56246254696146,-150.81579571001907,-163.0120065253277,-160.59697242158268,-166.1152889123547,-120.6205731566022,-14.38559454740566,-15.750171013224325,-16.27186389830149,-14.9263558252871,-15.41531967239852,-15.139038697098893,-14.735496303734333,-18.625461489858118,-16.15101729863565,-15.385847080048812,-15.873193354683789,-14.827214349739762,-14.929068671845876,-14.914330337934874,-14.181532878813542,-15.701353360173245,-19.25177305226142,covid_mx_2020,,,,,,,,,
2,79,26,-374.5803255123353,-377.6811408005782,-385.7599263805411,-374.10811184196393,-389.38915439132495,-383.1850442041288,-377.5001597853552,-405.64389242452535,-424.94379580769004,-462.0058918701609,-522.0885869134044,-536.310888164866,-478.93367818452515,-514.9751458632715,-503.92036967939214,-521.8121185499899,-403.88226302354946,-329.905054999096,-329.9928908449893,-337.17190292567375,-328.6134632717159,-342.70172418115453,-336.3458593201648,-331.33397345889273,-352.96240878732726,-376.37436701573836,-415.41214231629715,-474.77595047856425,-489.7887647516308,-433.08688986933515,-468.403873424383,-459.50264195560817,-473.80420794181873,-348.6454218764933,-44.67527051323928,-47.68824995558889,-48.588023454867376,-45.49464857024803,-46.68743021017045,-46.83918488396405,-46.16618632646251,-52.68148363719807,-48.56942879195167,-46.59374955386376,-47.31263643484015,-46.52212341323522,-45.84678831519,-46.57127243888848,-44.41772772378394,-48.007910608171194,-55.23684114705618,covid_mx_2020,,,,,,,,,
3,474,127,-2032.7393155941413,-2064.856732821022,-2159.2944963278414,-2040.5635455752079,-2160.193893777738,-2109.30038754003,-2073.2151594373754,-2217.0993557475163,-2264.2931691643134,-2567.9245997817548,-2943.8915251594763,-3041.133458204156,-2691.0717582776556,-2917.1915436675954,-2844.033033965008,-2937.8291163303447,-1980.1016683918267,-1793.6092230402674,-1811.0127904726287,-1892.870349066277,-1800.8918206049157,-1918.8827792084876,-1870.852613340935,-1832.459900829468,-1950.486859793059,-2002.6127828441631,-2323.003824761825,-2687.321474243915,-2784.5918215997353,-2453.391041568087,-2673.487386725478,-2610.0175315817505,-2689.272089314017,-1723.5425633747755,-239.13009255387408,-253.8439423483935,-266.42414726156426,-239.6717249702922,-241.31111456925063,-238.44777419909497,-240.7552586079074,-266.6124959544574,-261.6803863201502,-244.92077501992986,-256.57005091556147,-256.54163660442043,-237.6807167095685,-243.7041569421174,-234.01550238325774,-248.55702701632762,-256.5591050170513,covid_mx_2020,,,,,,,,,
4,1262,434,-5694.235434981511,-5744.432485362994,-5938.009510372196,-5652.062230439807,-5936.503189943629,-5821.814029262224,-5734.142184180175,-6171.091641139647,-6464.348470944019,-7149.815191514763,-8159.696832304225,-8399.173187772813,-7441.3837025479925,-8042.2781435724855,-7848.612483707582,-8111.186753075039,-5215.520726008185,-4940.278607021914,-4961.238131688289,-5124.254556036401,-4901.631713603236,-5185.056354486624,-5075.6523621482465,-4981.1257586181,-5364.965775508512,-5651.474988840298,-6387.545061726018,-7357.499827008408,-7611.132728850731,-6696.481769666427,-7285.603853469269,-7109.958424448732,-7343.660939147441,-4469.5922500796305,-753.9568279595975,-783.1943536747046,-813.7549543357954,-750.4305168365711,-751.4468354570055,-746.1616671139773,-753.0164255620745,-806.1258656311356,-812.8734821037215,-762.2701297887454,-802.197005295817,-788.0404589220823,-744.901932881566,-756.6742901032164,-738.6540592588502,-767.5258139275971,-745.9284759285549,covid_mx_2020,,,,,,,,,
5,2609,1031,-12144.170880183608,-12207.127843311344,-12522.642217985855,-11977.384193794513,-12493.532585440958,-12301.511961271206,-12109.3012175074,-13116.357654454549,-13969.625257921021,-15215.810168877088,-17322.619812384,-17824.46426336131,-15766.911274085121,-17026.294262480747,-16615.984236363536,-17175.094331589375,-10701.374747874937,-10517.497521190642,-10518.961585134857,-10771.74191448003,-10356.885012858464,-10875.319268954208,-10688.505843938972,-10482.878805170025,-11396.471307212967,-12219.3548327971,-13578.29977774595,-15594.79226779594,-16130.877642982043,-14159.757784863126,-15399.342386150807,-15024.005769487789,-15526.744260803287,-9137.30037228077,-1626.6733589929659,-1688.1662581764865,-1750.9003035058242,-1620.4991809360483,-1618.2133164867505,-1613.006117332234,-1626.4224123373747,-1719.886347241581,-1750.2704251239209,-1637.5103911311378,-1727.8275445880615,-1693.5866203792698,-1607.1534892219947,-1626.9518763299418,-1591.978466875748,-1648.3500707860876,-1564.074375594167,covid_mx_2020,,,,,,,,,
6,4862,2065,-23172.082528012445,-23243.069464298464,-23728.033068184865,-22759.834940845554,-23637.656442367763,-23330.08877137522,-22952.851059139797,-24952.653073527807,-26856.67572100804,-29012.305097613906,-32986.05294764934,-33922.764351384845,-29980.320777216068,-32348.813116867368,-31584.978885211607,-32607.929121235433,-19916.941442069096,-20046.6226809107,-20012.439044074472,-20382.068426609232,-19651.356485727323,-20545.885954472506,-20240.73864375767,-19833.805695977266,-21705.28960903123,-23505.529864071235,-25890.463418886797,-29677.799548620285,-30702.538214565946,-26903.95198865629,-29251.595193730354,-28531.3350124004,-29483.493512145822,-16949.74815647331,-3125.4598471017453,-3230.6304202239908,-3345.9646415756342,-3108.4784551182306,-3091.7704878952554,-3089.3501276175475,-3119.0453631625305,-3247.363464496575,-3351.145856936805,-3121.841678727111,-3308.253399029056,-3220.226136818897,-3076.368788559781,-3097.2179231370146,-3053.643872811207,-3124.4356090896117,-2967.1932855957875,covid_mx_2020,,,,,,,,,
7,8652,3985,-41594.80284053186,-41680.647262169034,-42425.074202775555,-40770.35979138654,-42290.12136936245,-41765.54138808675,-41067.65349694292,-44761.45341084121,-48415.21976219794,-52012.25095472497,-59054.381143650455,-60728.80170556201,-53687.22442322857,-57899.45823828925,-56516.82812551605,-58300.965987609576,-35199.2125148133,-35883.55794799705,-35798.63938699002,-36365.30669060393,-35084.84695899217,-36641.35264699161,-36104.959230353124,-35357.32570906165,-38838.5860153605,-42317.667673393,-46343.22749109096,-53055.251136381245,-54903.60057673726,-48061.89644167499,-52261.609287015825,-50940.23409122993,-52619.803404061575,-29766.948055410532,-5711.244892534814,-5882.007875179012,-6059.767512171621,-5685.512832394361,-5648.7687223708435,-5660.582157733625,-5710.32778788127,-5922.867395480708,-6097.552088804943,-5669.023463634013,-5999.130007269208,-5825.201128824743,-5625.327981553581,-5637.848951273421,-5576.594034286114,-5681.162583548003,-5432.264459402767,covid_mx_2020,,,,,,,,,
8,13975,6714,-67448.18551782063,-67472.09558661029,-68496.95556566767,-65965.5091855549,-68254.01501457769,-67466.02880613289,-66298.29139533047,-72340.44674194926,-78803.90888607831,-84144.04533942773,-95434.87805428503,-98140.14956973185,-86722.16620061664,-93496.9083806086,-91235.39311480732,-94068.86485100118,-56396.63311959377,-58133.057452730194,-57941.374420040214,-58673.882520463754,-56717.4785860455,-59065.299322339044,-58274.80740870553,-57011.2028902109,-62763.211558431925,-68861.88541029373,-74915.76937282055,-85653.23093251852,-88668.08306829262,-77563.41824031717,-84336.99579915928,-82158.23523318293,-84825.75488146853,-47553.95250795375,-9315.128065090432,-9530.721166570067,-9823.073045203915,-9248.030599509402,-9188.715692238635,-9191.221397427364,-9287.08850511957,-9577.235183517332,-9942.02347578458,-9228.275966607185,-9781.647121766515,-9472.066501439222,-9158.747960299468,-9159.912581449324,-9077.157881624393,-9243.109969532656,-8842.680611640022,covid_mx_2020,,,,,,,,,
9,19763,9728,-95689.7855255412,-95643.47614675845,-96901.75916024554,-93461.27982422616,-96494.40897444889,-95477.98248213743,-93823.78008753547,-102445.59623077599,-112047.79417129523,-119199.72869773148,-135062.11618619514,-138890.81676341227,-122714.640219278,-132291.3336114751,-129084.41004795075,-133027.17786851735,-79458.8552001504,-82447.94659704846,-82117.48512473558,-82975.35970488707,-80322.4014599197,-83452.30878020993,-82429.32643591418,-80626.94627695676,-88906.6384932375,-97922.77951091266,-106108.68072819835,-121167.2620194559,-125487.27599511636,-109703.71791403892,-119301.21372341014,-116187.0537752181,-119926.30112337742,-66911.31073081211,-13241.83892849274,-13525.991022022863,-13926.399455358469,-13138.87836430646,-13042.10019423896,-13048.656046223256,-13196.833810578713,-13538.957737538502,-14125.014660382572,-13091.047969533123,-13894.854166739233,-13403.540768295898,-13010.922305239077,-12990.119888064974,-12897.356272732643,-13100.876745139925,-12547.544469338289,covid_mx_2020,,,,,,,,,
10,26736,13327,-129541.78452710497,-129352.64492898835,-130899.9487558213,-126421.91110723032,-130272.80520087635,-128997.60092169573,-126756.70024301461,-138468.45707732346,-151851.98249125163,-161074.64494374878,-182361.9951105596,-187532.44888278004,-165685.09350590277,-178597.43217403686,-174247.48632672525,-179537.6741334945,-107290.95205740692,-111606.46093646604,-111074.46422443766,-112068.22907088611,-108640.34473169204,-112618.66021145423,-111353.04110276996,-108900.48166525463,-120170.93164405448,-132701.24251609898,-143382.30106270144,-163564.62821953505,-169426.74204089743,-148083.4530049601,-161047.83784098562,-156818.6939469026,-161827.25139340467,-90340.40422079733,-17935.323590638927,-18278.180704550683,-18831.71968493519,-17781.566375538292,-17654.144989422115,-17644.559818925776,-17856.218577759988,-18297.52543326898,-19150.73997515265,-17692.343881047338,-18797.366891024547,-18105.706841882595,-17601.64050094269,-17549.594333051245,-17428.79237982264,-17710.42274008982,-16950.5478366096,covid_mx_2020,,,,,,,,,
11,34862,17394,-169074.08278316192,-168640.903624298,-170413.5963927565,-164895.5597059004,-169483.12671965195,-168018.71925258878,-165113.00712485946,-180387.483026844,-198363.61432904378,-209740.9971438782,-237247.76688415668,-243986.7240757168,-215576.0048942767,-232340.2906267206,-226698.50027595306,-233506.25632860794,-139880.03542376065,-145618.39598350335,-144789.7838302609,-145833.3231581907,-141656.42545356037,-146412.78356033805,-144979.25801725843,-141780.25848124834,-156505.82394971966,-173301.64007252353,-186666.26214925974,-212718.6927535405,-220379.6757489641,-192585.4620231965,-209452.5412943992,-203947.22504253424,-210412.60749005596,-117759.6235481239,-23455.686799658586,-23851.1197940371,-24580.273234565786,-23239.134252340027,-23070.343159313885,-23039.461235330346,-23332.748643611118,-23881.65907712435,-25061.974256520243,-23074.734994618462,-24529.074130616165,-23607.048326752694,-22990.5428710802,-22887.7493323214,-22751.275233418826,-23093.64883855197,-22120.411875636746,covid_mx_2020,,,,,,,,,
12,43441,21440,-210729.169448276,-210072.83709869636,-212102.64999479876,-205503.72905882684,-210918.0259667744,-209228.48374586934,-205590.68640886017,-224589.2589364252,-247240.9934382835,-261057.82056451865,-295130.2087339369,-303548.85125882004,-268236.5918057746,-289071.3081561025,-282072.35867294786,-290484.7100887931,-174480.536866982,-181494.59137498133,-180373.5281227256,-181526.96813975947,-176535.0278633919,-182167.0054758911,-180520.5804420081,-176499.9306253243,-194806.06040070855,-216011.1466502569,-232319.31491625126,-264608.0727198556,-274163.00061243767,-239585.96604417253,-260560.8253508539,-253718.37256628936,-261706.52317048179,-146881.40147370123,-29234.578073294644,-29699.30897597076,-30575.681855039285,-28968.70119543493,-28751.02049088329,-28707.90330386125,-29090.75578353586,-29783.19853571665,-31229.8467880266,-28738.505648267386,-30522.13601408129,-29385.850646382394,-28650.625761602078,-28510.482805248597,-28353.98610665847,-28778.18691831126,-27599.13539328078,covid_mx_2020,,,,,,,,,
13,52810,25857,-256315.97055839136,-255402.6392852688,-257720.20946114085,-249902.59913085133,-256163.62780543353,-254251.83369562286,-249833.91387997245,-272979.1856249975,-300850.0199599484,-317216.1927549161,-358504.0274663286,-368730.3162771047,-325850.94726287853,-351143.2006251549,-342647.21939811466,-352821.7096863713,-212006.9330652047,-220777.34853202768,-219309.96096196736,-220562.3045470618,-214688.6615182996,-221226.3411191103,-219373.37431845223,-214469.54926850426,-236767.00972749337,-262845.6013194395,-282344.07629491936,-321438.768999519,-333078.69474170665,-291044.58209169644,-316535.46555269236,-308222.187904061,-317897.44632904895,-178534.78547765157,-35538.62202636368,-36092.67832330144,-37157.904914079045,-35213.93761255174,-34937.28668632323,-34878.45937717063,-35364.36461146819,-36212.17589750411,-38004.41864050892,-34872.11645999675,-37065.25846680958,-35651.62153539805,-34806.365171182115,-34607.73507246252,-34425.03149405366,-34924.26335732237,-33472.14758755312,covid_mx_2020,,,,,,,,,
14,62894,30474,-305983.39850306505,-304700.75999308494,-307226.1291005812,-298253.4961706523,-305231.11682985397,-303190.12809337943,-297888.0313230495,-325563.896345198,-359219.1049377004,-378298.94105392974,-427351.7555733126,-439535.1401574356,-388420.86146828433,-418541.9215968433,-408459.18291084864,-420535.3351916249,-253166.3030616392,-263651.4696488083,-261726.70751978274,-262996.7502817641,-256313.55381251278,-263625.6229584338,-261653.0600518164,-255755.89201388485,-282441.9458429683,-313936.97638823534,-336788.174344569,-383227.67100340937,-397107.34291889926,-346965.03601912427,-377334.4957033132,-367463.1426962317,-378960.29211459804,-213320.3434796877,-42331.92885425676,-42974.0524733022,-44229.37881881714,-41939.94235813948,-41605.493871420156,-41537.06804156304,-42132.13930916468,-43121.95050222969,-45282.12854946505,-41510.76670936079,-44124.08456990323,-42427.79723853633,-41455.82544916007,-41207.425893530046,-40996.0402146169,-41575.04307702683,-39845.959581951494,covid_mx_2020,,,,,,,,,
15,73229,35140,-357128.49008649186,-355494.4423240307,-358104.4657565581,-348002.7825322074,-355635.33294660854,-353539.18536038033,-347355.75555765,-379756.9003609275,-419523.55177245714,-441244.379025773,-498194.1747701247,-512464.5409052352,-452840.5862369604,-487964.3229877515,-476226.13721059606,-490320.71160489914,-295111.8728695858,-307890.2139441614,-305481.99127576104,-306663.95418437396,-299200.00706278987,-307223.93592689134,-305185.6789288639,-298298.3272108108,-329574.0965232865,-366837.8671556718,-392965.4261275571,-446897.82898494496,-463162.13273412164,-404598.39981304354,-440017.2161935591,-428540.40691571886,-441933.3899951776,-248757.98347677753,-49238.27614233043,-50012.451048269664,-51440.51157218414,-48802.77546941751,-48411.39701971723,-48353.50643151643,-49057.42834683918,-50182.80383764102,-52685.684616785315,-48278.95289821591,-51296.34578517977,-49302.40817111359,-48242.18642391682,-47947.10679419241,-47685.73029487719,-48387.32160972151,-46353.88939280829,covid_mx_2020,,,,,,,,,
16,83775,39701,-409521.9273670288,-407499.76736920816,-410170.3037349264,-398966.4171782394,-407186.5034250659,-405055.4314373244,-397917.3133085087,-435186.6814389123,-481310.9547488302,-505668.5391544093,-570697.5891090661,-587146.345163293,-518780.52436501364,-559004.847855728,-545605.6383788794,-561660.752570091,-337896.73478948924,-353210.7939085104,-350300.9380552029,-351354.73535460985,-343146.8884874532,-351826.2496143363,-349757.3284720445,-341806.09229368024,-377796.8027298976,-421051.6592599958,-450519.2523615202,-512105.6814220217,-530829.1942400298,-463625.29866623523,-504210.54773581546,-491089.4297658752,-506394.96535374265,-284906.39132190484,-56311.133458518365,-57198.829314005256,-58815.56838031654,-55819.52869078616,-55360.253810729606,-55298.10296527986,-56111.221014828465,-57389.878709014665,-60259.29548883441,-55149.286792889136,-58591.90768704438,-56317.15092326322,-55155.2256987784,-54794.30011991257,-54516.20861300417,-55265.787216348355,-52990.343467584426,covid_mx_2020,,,,,,,,,
17,94774,44458,-464023.1950313031,-461611.80641924,-464398.05908043537,-451997.41025996534,-460865.5878338185,-458703.12705050205,-450612.62956280576,-492978.35983636684,-545513.8287734882,-572809.1035108913,-646277.2393457219,-664967.1117273171,-587479.85134521,-633061.6768543068,-617909.3889213445,-636124.9954429563,-382664.4058355141,-400400.78364189866,-396948.67837718496,-397929.59223352047,-388905.72278183873,-398298.4024864454,-396188.7304609735,-387166.8925120863,-428087.2252273845,-477421.1726655427,-510474.9509621851,-580080.7089907845,-601336.5807020874,-525132.0589298152,-571117.9541307446,-556294.9599349361,-573630.2791333087,-322781.4229366205,-63622.41138940445,-64663.12804205506,-66468.46684691492,-63091.68747812661,-62567.18534737314,-62514.39658952854,-63445.737050719414,-64891.13460898235,-68092.65610794548,-62334.15254870623,-66196.53035493738,-63630.53102522971,-62347.7924153948,-61943.72272356231,-61614.42898640836,-62494.71630964771,-59882.982898893584,covid_mx_2020,,,,,,,,,
18,105388,49153,-517155.9614926296,-514219.3437193886,-516954.87898669747,-503575.7916442002,-512796.35290245,-510699.8967110333,-501667.6707240408,-549072.0585723278,-608360.8596821642,-638027.2938698564,-719604.5507289484,-740478.4004041543,-654081.9047676494,-704836.150903734,-688003.4667623516,-708235.9717761624,-425783.80354708916,-446415.96655357676,-442348.998626966,-443075.9312587377,-433440.34948886465,-443253.6171108028,-441231.5257333595,-431137.88389896345,-476945.5595259593,-532612.9418719294,-568757.4382459371,-646033.3743704677,-669771.5790830149,-584785.5267688506,-635998.7851293162,-619522.888850158,-638796.8070390939,-359262.2569115528,-70739.99493905282,-71870.3450924226,-73878.94772795979,-70135.44215533556,-69542.7357916472,-69468.37097767377,-70529.78682507739,-72126.49904636848,-75747.91781023468,-69269.85562391924,-73571.17635848072,-70706.82132113948,-69296.37799879869,-68837.36577441786,-68480.5779121936,-69439.16473706844,-66521.54663553635,covid_mx_2020,,,,,,,,,
19,116466,54007,-572323.8295283123,-568891.7510045762,-571484.280617747,-557121.550706808,-566638.1006473163,-564695.2165799539,-554721.6293576041,-607323.03413037,-673634.6484497691,-705689.0621496212,-795605.0102909358,-818741.3858789091,-723159.3554290291,-779281.8761880186,-760695.7493057727,-783035.4769588078,-470643.9654259318,-494170.8878109925,-489450.3491750965,-489860.34587549034,-479610.16477233206,-489800.6083026447,-487913.20954761025,-476760.0876511134,-527651.7669709941,-589944.298391595,-629172.4413216042,-714344.1511344602,-740678.0270172348,-646579.6941806715,-703230.9191141996,-685028.1749329553,-706322.3052362367,-397137.75794366596,-78152.94171731983,-79441.4018294797,-81623.93474225668,-77511.38593447587,-76837.49234467163,-76782.0070323437,-77961.54170649071,-79671.26715937589,-83690.35005817411,-76516.62082801704,-81260.85915647548,-78063.3588616743,-76579.66124835763,-76050.95707381898,-75667.57437281746,-76713.17172257107,-73506.20748226582,covid_mx_2020,,,,,,,,,
20,127948,59058,-629956.6294023946,-625944.9209226915,-628425.8937361565,-613092.4094099633,-622850.2095399653,-621088.5539063886,-610122.4589518958,-668200.7362939994,-741720.9244825396,-776400.6363528853,-875010.1693353325,-900591.4588387928,-795319.3002401148,-857090.9750722384,-836711.1684392873,-861285.1667671433,-517585.18733986333,-544144.04263044,-538708.1314674617,-538805.34278447,-527978.7323826676,-538484.913091747,-536780.6829287942,-524505.8463480807,-580696.4148957406,-649816.3275539684,-692383.5129602567,-785813.6263946588,-814876.0842249512,-711235.904879696,-773578.2634593861,-753618.6598082463,-777049.1161586785,-436874.23014883924,-85812.5867719547,-87236.78945522981,-89620.55095168656,-85113.67702729575,-84365.29644821823,-84307.87097759443,-85616.61260381519,-87504.32139825883,-91904.59692857123,-84017.12339262861,-89196.54294067361,-85715.37461384159,-84083.39536041884,-83512.7116128523,-83092.50863104104,-84236.05060846478,-80710.95719102409,covid_mx_2020,,,,,,,,,
21,138952,63842,-684755.6981862006,-680194.2177756715,-682534.703941992,-666313.6183293647,-676282.3697287828,-674700.4245847597,-662756.2342502974,-725988.2208699194,-806514.3093297649,-843478.6193142493,-950401.8704875489,-978230.7708613211,-863852.9998328052,-930942.4260987664,-908838.1931842498,-935458.0325936057,-562068.5494113257,-591566.4453588827,-585454.7505288313,-585241.7319102195,-573870.3089499865,-584674.0416019578,-583140.3131026296,-569768.4679148168,-630953.2054503371,-706691.6126752786,-752300.0435102123,-853592.8482254171,-885216.9123077301,-772545.3459620996,-840276.9967585038,-818615.6812693692,-844040.7877778369,-474428.4386655591,-93189.25282731789,-94739.46724684026,-97292.97203177249,-92443.30937937823,-91608.328126825,-91560.11148213016,-92987.76633548061,-95035.01541958228,-99822.6966544864,-91178.57580403693,-96809.02226213182,-93013.85855359107,-91307.65387070559,-90665.42934026252,-90222.5119148806,-91417.24481576882,-87640.11074576665,covid_mx_2020,,,,,,,,,
22,148653,68098,-733814.2822811248,-728668.8131772816,-730743.3787000178,-713932.8870359395,-723860.9432441161,-722528.9369578458,-709747.8225241178,-777721.3095039632,-864679.2435910768,-903497.4340421783,-1017710.61580415,-1047567.8325023537,-924992.5570235081,-996834.7656361624,-973223.0758840378,-1001716.1462689178,-601793.7604520738,-634140.0678456471,-627340.4331148036,-626707.6834312762,-615048.7291729158,-625874.0500668382,-624596.7803604156,-610281.2354551223,-676019.7503027838,-757899.1739504664,-805983.0136654535,-914206.3707338213,-948103.1999077231,-827332.474477129,-899860.241950532,-876725.1729690974,-903937.1197037029,-508027.1102959227,-99674.21443547778,-101328.380062478,-104035.69526874159,-98884.15786302369,-97986.89317727795,-97932.15659743025,-99466.5870689954,-101701.5592011794,-106780.06964061034,-97514.42037672474,-103504.2450703287,-99464.63259463059,-97660.08254637911,-96974.52368563037,-96497.90291494034,-97779.02656521497,-93766.65015615108,covid_mx_2020,,,,,,,,,
23,157386,71787,-778091.358410283,-772447.8769213216,-774277.9461402794,-756850.144032222,-766814.8673927841,-765687.0989485707,-752153.0954987551,-824427.2898775629,-917191.2780242604,-957729.7988076623,-1078497.7384020917,-1110241.9409382823,-980235.4785123472,-1056377.4962737493,-1031391.6005122417,-1061553.3995765378,-637525.0895676304,-672569.2571920699,-665190.7261145825,-664167.095945907,-652163.7180524261,-663080.3675222486,-662016.404089649,-646850.5775318518,-716768.4014157713,-804145.8738932224,-854528.5816229513,-968975.9751100102,-1004991.9798070642,-876855.1683023499,-953739.6841883672,-929249.8335873527,-958070.3417887185,-538266.155182862,-105522.1012182131,-107257.15080673914,-110110.85019437232,-104686.42597979591,-103734.4998705355,-103670.6948589217,-105302.51796690328,-107658.88846179158,-113045.40413103797,-103201.21718471101,-109521.76329208133,-105249.96113121817,-103380.31020999735,-102637.81208538196,-102141.76692488905,-103483.05778781929,-99258.93438476851,covid_mx_2020,,,,,,,,,
24,165594,75182,-819508.6903053719,-813415.142633598,-815052.86128833,-797055.9915635431,-807091.6913307994,-806123.2649910344,-791918.4064047993,-868148.0593954078,-966242.1954689482,-1008445.7651052778,-1135377.5503464756,-1168823.0415550643,-1031935.2594629852,-1112083.8303283136,-1085820.8132994592,-1117571.4573617696,-671153.1231247081,-708523.9701899015,-700604.3187388899,-699274.9433031693,-686938.0453685081,-697987.3864389812,-697075.9563375377,-681143.5029650057,-754912.2539452715,-847339.7158374119,-899932.2488608343,-1020213.7821916229,-1058176.9625435304,-923196.3383678244,-1004148.4274355961,-978402.382670921,-1008738.2395385556,-566754.4403717818,-110984.72011547032,-112810.8238947081,-115777.91798516069,-110117.94619503504,-109104.30489181814,-109047.30865349663,-110774.9034397936,-113235.80545013628,-118902.47963153626,-108513.51624444348,-115163.76815485263,-110646.07901153376,-108738.92109516077,-107935.40289271758,-107418.43062853812,-108833.21782321397,-104398.68275292627,covid_mx_2020,,,,,,,,,
25,173329,78377,-858582.1603016244,-852031.5465798479,-853457.9774923107,-834972.2782535476,-844970.6772055081,-844204.3536067487,-829375.0609216122,-909311.0085012137,-1012515.8446876833,-1056187.3315227684,-1188911.295532484,-1223935.061894863,-1080589.1895311908,-1164494.9941705484,-1137054.7051195784,-1170295.18651716,-702928.4180947591,-742434.7987077257,-733972.3002143403,-732308.6372139223,-719725.7098327456,-730796.9475934901,-730096.0232304933,-713439.1588793893,-790804.6749981152,-888062.8120441765,-942661.0470404549,-1068415.5598487824,-1108211.6100776955,-966803.2928487479,-1051571.636862239,-1024659.9532059159,-1056433.8202289604,-593694.3555865029,-116147.36159389878,-118059.24636550757,-121149.34027838832,-115246.56842080201,-114173.729612018,-114108.33037625543,-115935.90204222297,-118506.33350309855,-124453.03264350674,-113526.28448231351,-120495.73568370163,-115723.45181716736,-113785.89668244286,-112923.35730830922,-112394.75191366243,-113861.36628819966,-109234.06250825623,covid_mx_2020,,,,,,,,,
0,5998,3433,-32365.67362083801,-31559.542931189433,-31895.813990229166,-31044.393716434868,-31351.544307985736,-30941.424592540352,-30671.84308370379,-31528.894847675547,-39509.20567581699,-39873.60498405721,-43558.2129858617,-44703.00370693888,-39461.56490662813,-42395.27021045267,-41666.94648422772,-42813.11544169545,-44006.9476084183,-26745.127413315633,-26138.990083632183,-25603.095588869786,-25820.2199259253,-25259.286968441484,-25681.423147214507,-25146.361714521627,-25551.703235171437,-32246.960597838184,-33227.04747144308,-37205.46847092471,-38622.6153036859,-33636.27382443405,-36576.06211475024,-35707.28866800002,-36805.67427787061,-39849.45081941974,-5620.546207522375,-5420.552847557251,-6292.718401359379,-5224.173790509571,-6092.2573395442505,-5260.001445325844,-5525.481369182163,-5977.191612504108,-7262.245077978809,-6646.557512614125,-6352.74451493699,-6080.388403252977,-5825.29108219408,-5819.208095702433,-5959.657816227698,-6007.441163824845,-4157.496788998553,covid_mx_2021,-27353.51652326854,-24879.659963429604,-36199.40670690462,-22773.13696473542,-21048.276599323995,-29861.203560818794,-4580.379558533121,-3831.383364105607,-6338.203146085825
1,21143,12224,-108442.7272927388,-106351.10427340656,-105794.96667548682,-104618.82061420087,-103976.7135382415,-104360.18688439802,-102800.76844045131,-104273.96021805787,-130168.10047797232,-132000.255631087,-146402.96093307197,-150683.84811296745,-132938.7302600019,-143093.86242008756,-139997.68872454736,-144014.45332057154,-104161.35898813835,-92697.28545832715,-90726.74134914091,-89023.7897776788,-89361.30689453491,-87920.73248071421,-89192.85459949073,-87184.00534928832,-88572.83156808506,-112016.14914501511,-115548.6806387736,-129670.04992258227,-134635.05190385532,-117220.96192763982,-127514.80115539153,-124318.68051276861,-128126.60686459027,-90493.3527440851,-15745.44183441164,-15624.362924265646,-16771.176897808014,-15257.513719665969,-16055.981057527291,-15167.332284907283,-15616.763091162993,-15701.128649972801,-18151.951332957207,-16451.574992313406,-16732.911010489694,-16048.796209112143,-15717.768332362084,-15579.061264696044,-15679.008211778766,-15887.846455981271,-13668.00624405325,covid_mx_2021,-92438.95196374366,-85168.14910801002,-119977.53019023502,-78297.2918621842,-71849.53083138152,-103862.36482165649,-14141.66010155946,-13318.618276628513,-16115.165368578522
2,38941,22350,-198165.7271192629,-194533.47861299544,-192753.5992369342,-191300.05279198373,-189445.56336968113,-190846.83941424385,-187765.3903434276,-190051.3559916459,-237202.5058574756,-240551.9461051322,-267424.7964653359,-275497.5413252334,-242971.8044891344,-261632.83186718542,-255763.62470810593,-263151.21449585055,-174637.5313441255,-170405.37912757057,-166806.82609049042,-163582.9429000292,-164137.35922069283,-161571.95445022735,-163906.06808734004,-160173.35840163627,-162769.0328065071,-206210.54999544757,-212404.38116521316,-238379.24290050752,-247559.58454849123,-215498.2653757803,-234426.0918405066,-228486.53700351133,-235502.53121000258,-149598.3372059588,-27760.34799169235,-27726.652522505035,-29170.656336905024,-27162.69357129091,-27873.608919453785,-26940.771326903814,-27592.031941791312,-27282.323185138783,-30991.955862028037,-28147.564939919044,-29045.553564828362,-27937.95677674217,-27473.53911335411,-27206.740026678828,-27277.08770459458,-27648.683285847997,-25039.194138166724,covid_mx_2021,-169056.66597833077,-156001.22190497897,-218649.44665313012,-143421.2142086526,-131303.01846826792,-190875.23703541982,-25635.451769678177,-24698.20343671104,-27774.2096177103
3,54782,31184,-277290.9127868933,-272414.66945528734,-269645.1013127024,-267825.69576381764,-265091.87998614955,-267271.97334980936,-262846.0096567817,-265784.3594186569,-331455.76868025167,-336254.1433614142,-374147.2807844611,-385529.65219809365,-340091.5545491735,-366229.7726629621,-357862.1237828741,-368189.8612223606,-237257.48482948716,-238857.1388129016,-233903.10024300573,-229448.3791884187,-230065.4601745426,-226701.1433420241,-229846.55103933305,-224583.76363202615,-228190.00886360614,-289035.6270363177,-297730.95372756687,-334181.0145849206,-347051.64246373065,-302164.2825159951,-328683.76930780563,-320289.69406060915,-330085.6491868449,-202122.98627274705,-38433.7739739917,-38511.56921228163,-40196.72212428367,-37760.23558927505,-38390.73664412547,-37425.42231047633,-38262.246024755514,-37594.35055505079,-42420.14164393395,-38523.189633847316,-39966.26619954052,-38478.00973436302,-37927.27203317843,-37546.00335515648,-37572.42972226495,-38104.21203551572,-35134.498556740116,covid_mx_2021,-236947.195324373,-218919.77000066303,-305716.29814829445,-201119.80379891957,-184117.20933188623,-267585.1656257198,-35827.39152545343,-34802.5606687768,-38131.132522574655
4,67275,38171,-339693.5941907983,-333851.52814882307,-330293.702646063,-328169.53323725547,-324774.6057178747,-327563.5583122759,-322080.22563318553,-325557.4445107566,-405858.2239120823,-411798.02268929075,-458413.1463225099,-472431.606891477,-416746.405277348,-448807.91428379796,-438468.21420966537,-451097.222550568,-286518.6421854167,-292833.687262254,-286825.95347308787,-281390.6923464455,-282046.02257034014,-278083.01238693914,-281858.40870420216,-275398.515002109,-279824.8196906393,-354436.40422870073,-365070.37496774225,-409831.0807551169,-425613.83786647604,-370564.66628347174,-403090.985577511,-392751.902954494,-404743.8975810989,-243395.60264476086,-46859.90692854426,-47025.5746757352,-48903.0102996175,-46123.51066691535,-46691.593330935546,-45705.149608073785,-46681.71063107654,-45732.62482011725,-51421.81968338159,-46727.647721548485,-48582.065567393045,-46817.76902500096,-46181.738993876264,-45716.928706286926,-45716.31125517136,-46353.324969469126,-43123.03954065586,covid_mx_2021,-290447.62803204684,-268418.28230116365,-374459.5063763733,-246546.0797960592,-225616.77381286217,-328145.6273079631,-43901.54823598761,-42801.50848830151,-46313.879068410184
5,77135,43463,-389350.86001819785,-382710.4153530046,-378500.9516067725,-376200.6530081187,-372203.1832036624,-375505.5713935875,-369182.2759615117,-373101.6363573117,-464953.6499223735,-471845.5317266486,-525316.1753000264,-541435.0752371654,-477650.89401935705,-514401.4332039922,-502517.52825969976,-516984.6858377955,-325948.29583450046,-335779.6854381276,-328910.2440727529,-322688.04843953345,-323412.8853849723,-318897.9308681713,-323207.30336654035,-315787.90468048444,-320858.62516001606,-406351.34848921053,-418590.22630022676,-469888.7878993438,-487989.246272827,-424893.18022371264,-462171.4157354336,-450314.34405584814,-464052.79381384834,-276460.6687433339,-53571.174580070234,-53800.17128025167,-55812.90316723906,-52787.76762314638,-53305.25233549111,-52298.26802704715,-53394.371281027255,-52243.01119729564,-58602.30143316295,-53255.30542642186,-55427.387400682586,-53445.828964338434,-52757.713795644406,-52230.01746855861,-52203.18420385161,-52931.892023947155,-49487.62709116659,covid_mx_2021,-333186.19198754634,-308041.2556578304,-429091.6662818843,-282845.7456044792,-258862.6620002143,-376243.8165683353,-50340.446383067116,-49178.59365761609,-52847.84971354901
6,85014,47701,-429400.2744410854,-422139.3698406261,-417344.3608345925,-414972.88586207724,-410409.4583755164,-414199.8102565371,-407211.8582819027,-411458.52078989963,-512721.2351672673,-520356.2225650891,-579418.0812263048,-597187.5180898397,-526846.70878053,-567387.2260486275,-554294.9581323824,-570225.6971139068,-357682.23047469923,-370466.11601717316,-362879.26572361484,-355982.63351319276,-356839.80429551826,-351811.57952802384,-356589.9076614544,-348418.5127714592,-354030.7186558091,-448398.0858842614,-461884.42570105864,-518525.6304784707,-538468.0518717819,-468817.52648368455,-509943.6030555365,-496888.1693964561,-512048.03042122355,-303090.33446166286,-58934.15842391225,-59260.104117011266,-61361.727321399754,-58133.08156655898,-58597.87884749257,-57609.90259508273,-58793.34551044349,-57427.80213409053,-64323.14928300593,-58471.79686403049,-60892.45074783403,-58719.46621805774,-58029.182296845494,-57443.622993091034,-57406.78873592632,-58177.66669268332,-54591.89601303639,covid_mx_2021,-367494.9686992328,-339898.04128666356,-473190.3930134245,-312006.93160510453,-285617.29722233367,-415149.37701863947,-55488.03709412826,-54280.74406432988,-58041.01599478501
7,92028,51307,-465137.18057527166,-457223.2187662694,-451957.21281277214,-449558.50264295284,-444464.32918960566,-448672.7049044204,-441107.91129582643,-445670.7218124864,-555236.3332118714,-563583.0962547541,-627596.2437188769,-646836.2558542365,-570665.9250502383,-614577.8630912366,-600418.7637256997,-617724.9755042831,-386102.51004598,-401374.12335888407,-393112.8399619133,-385647.59184915,-386639.3588474374,-381109.0504299194,-386318.7005260005,-377484.1978061539,-383562.25052600517,-485757.5892052345,-500407.6263926471,-561770.481395008,-583353.0006446042,-507904.8324513108,-552451.7608371123,-538347.4577371678,-554798.4258833071,-326909.6257809702,-63763.057216387584,-64110.37880435608,-66309.62096362209,-62919.14379551544,-63355.27875968626,-62354.0043784199,-63623.71348967251,-62108.47128648122,-69478.744006637,-63175.469862107,-65825.76232386881,-63483.25520963232,-62761.09259892744,-62126.10225412423,-62071.30598853196,-62926.549620976,-59192.8842650098,covid_mx_2021,-398246.0698615459,-368452.9209757883,-512531.0781860647,-338089.1242680882,-309557.19847329735,-449782.29436108907,-60156.945593457705,-58895.722502490986,-62748.78382497564
8,98875,54728,-499876.29121718684,-491390.4858865421,-485737.09911584214,-483191.69605302426,-477683.2222755832,-482244.78820908646,-474092.8736881952,-478952.3694180842,-596466.41956545,-605612.1124444397,-674442.2515479081,-695132.4919296223,-613307.1412255218,-660499.4253451561,-645299.9474639026,-663891.8739724284,-413896.4865476806,-431388.3554079892,-422506.5056997163,-414543.9672879295,-415585.9727853597,-409674.2336345292,-415245.8274524951,-405753.15899080987,-412274.50288941007,-521948.8888008034,-537840.9710169898,-603792.1623027874,-626986.3316706219,-545921.9151080821,-593795.236294595,-578658.1883982051,-596356.081378594,-350222.9982377133,-68487.93580919763,-68883.98018682585,-71193.13182791263,-67605.72326766455,-68008.98864105396,-66998.96075659135,-68339.71469738531,-66677.86652867416,-74517.53076464668,-67771.14142744994,-70650.08924512067,-68146.16025900036,-67385.22611743967,-66704.18905056121,-66641.75906569761,-67535.79259383434,-63673.488309967266,covid_mx_2021,-428280.15238799725,-396346.4236408615,-550802.4456440978,-363581.7247829066,-332960.0520785308,-483464.2980143271,-64698.427605090656,-63386.37156233072,-67338.14762977062
9,104786,57598,-529516.0581288144,-520568.39222509234,-514655.4197401107,-511915.8921702694,-506148.1364016545,-510963.9003816216,-502355.0824791379,-507427.1907273084,-631573.3485784642,-641461.4780861872,-714473.4098862312,-736363.105101063,-649748.6137246008,-699734.5961050806,-683646.8966368737,-703337.4458565685,-437797.15594254393,-456926.78395427606,-447555.17284852895,-439235.9009982847,-440247.3388449819,-434109.72078391275,-439944.3369170983,-429920.5210514824,-436815.84137934446,-552663.6780397329,-569729.3407708665,-639632.0156048102,-664199.8967703825,-578356.2348503466,-629084.6348315349,-613057.1455219839,-631823.5356119626,-370263.2926200749,-72589.27417453834,-73013.2193765634,-75419.518741826,-71668.5533252875,-72038.41561774175,-71019.56346452328,-72434.56142765554,-70611.3493479639,-78909.67053873136,-71732.13731532064,-74841.39428142094,-72163.20833068053,-71392.37887425412,-70649.96127354565,-70589.7511148899,-71513.91024460597,-67533.86332246906,covid_mx_2021,-454119.39158151124,-420317.2162040133,-583543.104181739,-385522.73840341606,-353064.3296395885,-512246.32107910205,-68596.65317809515,-67252.88656442484,-71296.78310263697
10,109872,60017,-555303.503334648,-545943.1784719388,-539691.2967328195,-536893.081602627,-530771.3317976702,-535873.7844434609,-526836.1767641135,-532094.7134207335,-662201.6833019842,-672609.2584160666,-749187.9702212373,-772134.560658847,-681366.3064335996,-733763.0787694294,-716890.8393515154,-737542.312845537,-458477.3653239448,-479224.29527178657,-469394.92968851584,-460678.1307907369,-461747.456197566,-455285.57399497204,-461411.1891377622,-450891.73774632026,-458105.09930767596,-579548.3921101333,-597500.5891851288,-670791.7188070142,-696554.7836014128,-606546.9893471745,-659734.1249525275,-642938.196355571,-662606.7360495904,-387641.4475681237,-76079.20806286146,-76548.248783423,-79013.16594208262,-75145.62540506091,-75485.7578026982,-74462.59530569866,-75944.43901779324,-73989.61411305748,-82653.29119185095,-75108.66923093789,-78396.25141422314,-75579.77705743414,-74819.31708642501,-74028.95381690192,-73952.64299594433,-74935.57679594653,-70835.91775582108,covid_mx_2021,-476407.4602138223,-441089.5078167944,-611877.1388955169,-404476.22214713297,-370528.2565052903,-537197.2569194086,-71931.23806668936,-70561.25131150412,-74679.88197610833
11,114642,62173,-579394.4436706953,-569692.2569361399,-563223.213286502,-560247.3415751756,-553920.174577345,-559227.3086035262,-549817.6654844774,-555257.1757818351,-690758.7356731396,-701843.1814369964,-781856.6986826989,-805757.47113351,-711057.960625574,-765738.3533553062,-748139.0934041509,-769696.5882253979,-477993.40474170994,-500022.2381494271,-489802.1502940445,-480796.3399333699,-481832.83997803176,-475201.66166944924,-481534.0994484294,-470576.20680999616,-478102.96666419867,-604568.1443960812,-623523.9509747025,-700062.3201696528,-726920.7497155793,-633013.0713131998,-688515.505816286,-671000.6473600824,-691535.7254234494,-404053.43870065967,-79372.20552126822,-79890.1066420954,-82426.87335313219,-78414.50159714387,-78718.51290789575,-77693.20915509683,-79241.45867448121,-77154.20911763643,-86190.59127705832,-78319.23046229398,-81794.37851304613,-78836.72141793063,-78044.88931237413,-77222.84753902027,-77138.44604406858,-78160.8628019484,-73939.96604105024,covid_mx_2021,-497413.7565252475,-460637.0441904829,-638532.9543884437,-422354.14025826636,-386974.1173013492,-560672.0923706763,-75059.61626698113,-73662.92688913368,-77860.86201776736
12,118948,64179,-601005.3448686643,-590981.9244265052,-584367.9489520869,-581259.4738535715,-574739.8729903408,-580219.6463737402,-570468.0697831605,-576037.5449856748,-716328.1472097641,-728078.790584585,-811216.5864014584,-835922.7555934992,-737731.1233530217,-794451.740336714,-776199.3318727253,-798587.9638774362,-495640.46842111216,-518700.6036186227,-508117.73916789,-498891.95400397107,-499932.65532698756,-493123.12810311373,-499636.8057289051,-488285.19371049164,-496058.3190565704,-626985.7744041436,-646895.6306842596,-726399.0644911516,-754187.490791735,-656806.4324171682,-714378.9907412805,-696231.5899841615,-717535.6794807144,-418932.4232882807,-82304.74125004158,-82864.18525861522,-85475.99494811575,-81326.81852658387,-81616.7448872271,-80582.84064483509,-82182.87607266888,-79979.22592910439,-89342.37280562059,-81183.15990032545,-84817.52191030678,-81735.26480176415,-80924.69093585355,-80072.74959543344,-79967.74188856373,-81052.28439672184,-76708.04513283147,covid_mx_2021,-516362.9604216105,-478319.20604532305,-662458.313770762,-438502.47743325116,-401883.33509680495,-581766.760177802,-77860.48298835938,-76435.87094851807,-80691.55359296006
13,123077,66062,-621665.0915683305,-611363.6092972341,-604658.9111660789,-601351.6751316591,-594734.2682662487,-600333.7627172295,-590264.752021353,-595950.0096853507,-740794.0131085776,-753226.5913451795,-839433.029933666,-864900.6387719635,-763337.3286459083,-822023.895757806,-803137.2019789835,-826320.7321409916,-512504.36413209373,-536537.894997787,-525642.3817839767,-516244.5223913582,-517223.8585567732,-510341.21426595905,-516988.34308404993,-505256.0781075938,-513277.849997569,-648390.1295347542,-669312.643934229,-751700.4752653126,-780398.8574339545,-679655.1799945069,-739237.2053051539,-720471.523636992,-742510.4218289136,-433172.46812059847,-85127.19657054359,-85721.22751325747,-88414.38877472069,-84127.81657488593,-84393.05400028976,-83345.41963317967,-85008.6739137592,-82672.15968778172,-92403.88357382343,-83913.94741095044,-87732.55466835339,-84501.78133800904,-83682.14865140143,-82786.69045265223,-82665.67834199153,-83810.31031207793,-79331.89601149528,covid_mx_2021,-534462.8009493556,-495181.25670672767,-685438.726047593,-453968.1463560009,-416122.4198215032,-602040.045979179,-80494.65459335461,-79058.83688522445,-83398.68006841403
14,126798,67665,-640292.3331431408,-629774.4712462052,-622974.5780606942,-619451.8588925865,-612787.7993578154,-618506.5678970185,-608133.2334764894,-613979.2944911511,-762788.8454802176,-775984.802229919,-864929.5803566944,-891174.1082045423,-786517.8607996379,-847013.8726411815,-827551.2354492138,-851435.3119851724,-527699.9611424363,-552594.1579660899,-541442.6692413995,-531902.103654912,-532767.9966629953,-525863.8516765322,-532628.7885911798,-520545.8261961648,-528808.616241968,-667637.2457169557,-689559.0565913735,-774561.9045938256,-804111.6243409408,-700311.4516145736,-761720.1726680567,-742384.6559102624,-765099.8191731189,-445929.76721542433,-87698.17517705091,-88331.80200480566,-91072.47440578218,-86683.86222959119,-86923.94768128324,-85877.7793058388,-87587.40728032457,-85170.67824918311,-95151.59976326184,-86425.74563854543,-90367.67576286885,-87062.4838636015,-86206.4091850643,-85293.69997312479,-85166.57953895145,-86335.49281205352,-81770.19392701195,covid_mx_2021,-550889.516806129,-510378.84638986416,-706267.3175134766,-467921.93757441646,-428879.7920297993,-620361.8191337126,-82967.57923171256,-81499.05436006487,-85905.49837976409
15,130010,69029,-656096.1889450995,-645426.8705570921,-638685.6536710504,-634840.7498370404,-628306.2952118688,-634027.526661162,-623400.759234792,-629345.9183744937,-781423.9295550361,-795412.5700850533,-886851.8528372016,-913680.3271821098,-806387.4627908829,-868431.3848007931,-848468.1841060208,-872952.2911930283,-540734.524663992,-566172.617802512,-554845.0642939204,-545293.2128322806,-545957.5512262152,-539203.6757707042,-545981.3004800354,-533599.35746499,-542051.0774546784,-683868.4527090308,-706826.5488084314,-794177.8020088699,-824415.894326429,-718014.316523424,-780994.3813661963,-761163.2100932776,-784457.750362426,-456900.5679388998,-89923.5711425875,-90581.80626317166,-93392.44083876995,-88883.19861082519,-89102.61944116464,-88046.22618112667,-89801.40176980199,-87294.8409198153,-97555.47684600532,-88586.02127662196,-92674.05082833162,-89264.43285568082,-88373.14626745897,-87437.0034345968,-87304.97401274322,-88494.54083060232,-83833.9567250922,covid_mx_2021,-564892.2603370954,-523359.54480269016,-724112.8323749738,-479844.3701053674,-439797.2007594526,-636066.8223893855,-85047.89023172796,-83562.34404323758,-88046.00998558824
16,132765,70151,-669694.0046180473,-658922.2933491478,-652221.7119801927,-648124.6969735645,-641705.9208418515,-647426.5841023027,-636577.2771869194,-642626.487069421,-797400.2654693185,-812134.9124359163,-905684.5858881377,-933047.4741608605,-823489.5441579131,-886871.080076759,-866479.2677325166,-891478.6156169018,-552108.7200044368,-577880.4998027359,-566415.4164207943,-556861.8295254154,-557363.1218478705,-550736.629592466,-557515.4239565205,-544885.9362905063,-553498.9229753525,-697821.3385192656,-721703.3887456373,-811072.5914778027,-841899.6996733862,-733264.5087560168,-797592.4159089149,-777343.120075651,-801131.5034370462,-466488.9423178161,-91813.50481531135,-92506.87692835346,-95359.88245477722,-90761.5751256939,-90969.2912493855,-89911.16014578217,-91691.34089641308,-89127.56409406848,-99578.92695005285,-90431.52369027895,-94611.99441033497,-91147.7744874744,-90225.03540189622,-89278.6641678441,-89136.14765686568,-90347.11217985553,-85619.77768662073,covid_mx_2021,-577147.8764424254,-534687.573122388,-739495.419881602,-490285.94012684474,-449336.533100905,-649614.6197450891,-86861.93631558066,-85351.04002148303,-89880.80013651292
17,135075,71068,-680684.0908392353,-669890.2849219688,-663374.1980230581,-658893.9187004846,-652799.7608799308,-658407.8803173939,-647386.6849132951,-653519.2844189724,-810209.4644870178,-825842.3499173917,-921262.4321316062,-949020.3811122599,-837601.6000163867,-902096.73620037,-881338.703106228,-906758.4066439013,-561565.4728849953,-587263.5707880567,-575760.9357344719,-566346.2296585721,-566544.0094674841,-560253.9227932394,-566925.7285362436,-554098.7876735689,-562842.6750587045,-708911.5825169208,-733837.8216669284,-824985.7998999832,-856266.0073110325,-745809.4871785021,-811261.4018799831,-790646.6054773177,-814843.6532325102,-474435.8962484572,-93420.52005117862,-94129.34918749692,-97027.96836448599,-92349.90923300051,-92545.8380866914,-91482.15178115043,-93287.89723972614,-90676.60936026798,-101297.88197009714,-92004.52825046334,-96276.63223162289,-92754.37380122741,-91792.11283788463,-90835.33432038683,-90692.0976289103,-91914.75341139107,-87129.57663653813,covid_mx_2021,-587289.1739000437,-544058.6713898848,-752216.1362066464,-498889.54497151,-457194.68769900873,-660777.3432056017,-88399.62892853365,-86863.98369087599,-91438.79300104479
18,137159,71857,-690475.2546448046,-679696.6353330964,-673378.3992265069,-668505.2087869836,-662775.4951954673,-668247.1349790628,-657054.2764101506,-663234.7645919028,-821594.1849523879,-838084.6153834021,-935200.9629143379,-963317.0190535197,-850250.2032314567,-915742.3134572755,-894634.0796799663,-920442.3001239799,-569999.6685172046,-595627.0572548725,-584118.2268606146,-574863.6782508418,-574737.0278356313,-568822.493860883,-575361.5285648525,-562337.8842267463,-571187.3342963124,-718757.1182155738,-744691.0703689199,-837440.8977652143,-869145.3507718808,-757058.943368054,-823523.6345123718,-802569.2861657651,-827122.9472492904,-481531.21765542653,-94848.19738993207,-95578.40847248171,-98514.72097566511,-93768.18095135233,-93953.00133458417,-92885.6064142103,-94716.39218340427,-92047.43029559043,-102837.0667368141,-93393.54501448224,-97760.06514912358,-94171.66828163894,-93191.2598634027,-92218.67894490363,-92064.79351420118,-93319.35287468952,-88468.45086177802,covid_mx_2021,-596368.3386213663,-552404.5785456004,-763587.7066482826,-506621.7668481155,-464201.1057255983,-670772.1377089124,-89746.57177325078,-88203.47282000212,-92815.56893937025
19,139095,72567,-699446.6927264121,-688724.9336932424,-682638.1974316357,-677337.818638834,-672013.446887924,-677331.5178172205,-665977.2530518663,-672204.0113093846,-831974.9136539479,-849371.6073907217,-948090.0794101756,-976541.432823237,-861951.6841186694,-928370.9733208622,-906936.1269392164,-933097.8564597493,-577869.9256385689,-603285.0112996659,-591794.8203350663,-582739.149264062,-582255.4498427998,-576762.8478238463,-583142.8364253776,-569937.324012991,-578880.5377500557,-727723.9948417889,-754695.3840599138,-848969.760931886,-881052.6780787479,-767471.0230192994,-834871.7718386746,-813599.9568011815,-838486.5278913974,-488159.74274192477,-96161.6814267462,-96930.11335817607,-99899.04816757367,-95082.36879603426,-95250.59906407767,-94188.68139184288,-96039.92903887531,-93323.473559329,-104250.91881215895,-94676.22333080787,-99120.31847828957,-95488.75474448907,-94480.66109937,-93499.20148218764,-93336.17013803482,-94611.32856835196,-89710.18289664417,covid_mx_2021,-604802.43547556,-560176.2013805627,-774115.6686363368,-513811.92301537865,-470734.4659401987,-680021.8782686443,-90990.5124601814,-89441.73544036408,-94093.79036769248
20,140921,73203,-707802.3042648431,-697119.1344458963,-691293.0715794809,-685596.613477465,-680639.7248673756,-685817.0598738593,-674321.7415460504,-680574.4033336601,-841572.8120136908,-859880.9636896783,-960117.1317661374,-988874.3128075366,-872855.1569588493,-940156.4287837229,-918421.6445023656,-944938.2940592187,-585342.170476932,-610420.9276123302,-598942.604306944,-590098.7856699213,-589305.3615640955,-584179.9852150703,-590426.1197398318,-577065.5904802387,-586079.1455603575,-736004.5208667888,-763998.3532727419,-859714.2959021766,-892146.5228311874,-777176.7057143373,-845460.6639384049,-823908.4193259256,-849110.2111681763,-494493.1670476988,-97381.37665251295,-98176.53013895231,-101194.2859095596,-96291.25191336956,-96459.7396523053,-95390.94013402752,-97256.1510658118,-94495.25777330261,-105568.29114690206,-95882.61041693651,-100402.83586396078,-96727.7899763492,-95678.45124451199,-94695.76484531804,-94513.22517643994,-95828.08289104249,-90849.00342923314,covid_mx_2021,-612808.4093293038,-567567.1580752959,-783933.6856827147,-520667.6645463669,-476987.8094508301,-688665.9104910116,-92140.74478293685,-90579.3486244658,-95267.7751917031
21,142717,73821,-716044.6410545006,-705402.3014335119,-699848.002035965,-693723.5156413915,-689170.9195775006,-694184.5260860167,-682557.9470963763,-688835.5695748655,-851054.0196469063,-870238.4874379163,-971993.568258816,-1001019.7868405156,-883615.7756566873,-951765.4347930717,-929745.6790708483,-956592.9306921945,-592694.901571144,-617441.2618786411,-605979.2378865539,-597357.8047013377,-596221.940604171,-591509.5124111988,-597595.5409711773,-584086.2700111094,-593183.1501479679,-744164.7251104126,-773170.7695981172,-870312.7166801722,-903079.2830931728,-786747.8368110725,-855897.0735860794,-834062.6548856436,-859583.8198081082,-500719.95844071574,-98603.3791758595,-99423.063546958,-102490.1973346273,-97501.57503722043,-97661.40716630174,-96588.98511483942,-98471.67708526694,-95652.41942689764,-106889.29453649376,-97067.71783979914,-101680.85157864375,-97940.50374734275,-96867.93884561483,-95868.36120699227,-95683.02418520467,-97009.11088408635,-91974.9431304283,covid_mx_2021,-620677.3953512663,-574836.0088950761,-793631.5373960107,-527407.7613658052,-483131.67680596665,-697200.4340464355,-93269.63398546114,-91704.33208910948,-96431.10334957523
22,144766,74555,-725334.3063045382,-714736.8291282,-709494.4176856441,-702904.9257702543,-698800.4915185502,-703628.7440301722,-691842.2232372644,-698125.7992294612,-861680.2538724693,-881842.8147211635,-985299.0636486216,-1014631.621853555,-895700.9445459058,-964797.1113229889,-942455.9353939941,-969673.7438809343,-601105.2125368725,-625361.2716337187,-613917.6975610338,-605556.2590600401,-604046.9593651152,-599791.4526169371,-605696.1660980906,-592008.3319808012,-601176.4546021644,-753306.9871976606,-783448.3001202387,-882182.5522002792,-915330.3446827376,-797496.2291708448,-867608.0276877399,-845461.1390330937,-871335.6950351878,-507865.7845285151,-99973.03467081937,-100819.13156716614,-103938.158625604,-98857.96640513925,-99009.03890161306,-97932.5779320817,-99833.8912564632,-96949.3446272968,-108373.26667480865,-98394.51460092483,-103116.51144834234,-99301.27717081738,-98204.71537506099,-97189.08363524897,-96994.79636090038,-98338.04884574655,-93239.42800835735,covid_mx_2021,-629661.9424663535,-583155.4911084131,-804505.9193071215,-535126.408768512,-490188.7146384561,-706772.4986714362,-94535.53369784153,-92966.77646995703,-97733.4206356853
23,146975,75352,-735204.2189681986,-724670.1847362336,-719823.4022432924,-712716.3699563361,-709159.7542715792,-713755.2059559204,-701784.4946110359,-708070.6127398856,-872880.4980894492,-894247.1363579211,-999560.7668302609,-1029216.3610686089,-908661.0794723963,-978782.5886709965,-956096.6565299209,-983733.0006921488,-610154.2271122277,-633763.0436881541,-622354.5697181668,-614340.0831071867,-612400.140312365,-608697.3560753238,-614372.2794503551,-600484.2764058973,-609704.8461766893,-762929.231702334,-794408.3080216036,-894900.5586143811,-928435.2075096569,-809013.2603040809,-880156.9475468241,-857680.4355862198,-883937.6676593991,-515526.8567228607,-101441.17528004451,-102315.61501806673,-105483.31913610567,-100316.22964397112,-100462.39819625545,-99382.9265055653,-101300.21820513856,-98365.76656319629,-109951.2663871152,-99838.8283363174,-104660.2082158797,-100781.15355895204,-99647.81916831536,-98625.64112417233,-98416.22094370112,-99795.33303274974,-94627.37038936699,covid_mx_2021,-639387.8183491778,-592104.3377729353,-816175.3916715893,-543450.4366091851,-497749.2311483244,-717027.388700753,-95937.3817399928,-94355.10662461094,-99148.00297083637
24,149445,76270,-746311.7006351933,-735829.4299153215,-731417.7240409919,-723734.1740033705,-720764.3216270715,-725099.7814138535,-712894.6776417624,-719183.9501126593,-885497.8371789862,-908186.6706004791,-1015580.3487312751,-1045605.2399133712,-923226.6711268441,-994489.0785551002,-971414.3243066812,-999513.3604524313,-620196.4603409058,-643233.2213518401,-631855.311770541,-624214.9641300162,-621799.7244525407,-618688.2732176599,-624117.2553851083,-609974.6910390813,-619239.8288992499,-773782.3174698264,-806744.9992387274,-909195.2501151543,-943175.943535768,-821980.3483721048,-894269.7037092615,-871419.518440104,-898106.3582477814,-524034.5179950323,-103078.47928335317,-103974.11814478057,-107202.7599109757,-101934.44955082974,-102076.04840941155,-100982.52602874527,-102919.98660268108,-99944.12121340932,-111715.51970915972,-101441.6713617517,-106385.09861612074,-102429.29637760315,-101246.32275473933,-100219.37484583879,-99994.80586657715,-101407.0022046499,-96161.94234587354,covid_mx_2021,-650208.067938805,-602054.4320428241,-829243.3230692222,-552718.994901078,-506162.4953134783,-728517.3573159488,-97489.07303772696,-95891.93672934582,-100725.96575327333
25,152500,77377,-760044.6672506143,-749578.2521822575,-745752.8267249293,-737376.2356200624,-735103.5084145189,-739117.9685560488,-726644.9266192043,-732896.3947589033,-901082.6553409076,-925354.1333196705,-1035373.7458297036,-1065789.013605625,-941194.1931528059,-1013835.186164801,-990312.4867096513,-1019012.2802864215,-632629.5984952131,-654933.4476748856,-643558.4699892278,-636406.4456950382,-633443.349297812,-631037.4587434873,-636165.8368158439,-621723.804878843,-631023.9466912166,-787156.6442813434,-821931.7600030364,-926823.6822965152,-961313.3343782189,-837972.5206619678,-911657.9895224405,-888373.0001797582,-915619.4343795312,-534595.3710109167,-105111.21957572868,-106019.78219302969,-109346.38102989102,-103932.8863222505,-104066.04967103161,-102952.13174020493,-104921.12174036131,-101872.44806768671,-113926.01105956425,-103422.37331663408,-108550.06353318838,-104475.67922740613,-103221.67249083814,-102177.19664236048,-101939.48652989318,-103392.84590689033,-98034.22748429643,covid_mx_2021,-663590.048653863,-614381.7708836832,-845368.5586383257,-564215.3471037033,-516618.5039000866,-742700.087596068,-99374.7015501597,-97763.2669835966,-102668.4710422576
