fob,week,patients,deaths,stranger,groups,top_kin
ebola_sl_2014,0,3,3,0.171,"flu 61%, othervirus 39%",flu_2014 21%
ebola_sl_2014,1,19,18,0.189,"flu 66%, othervirus 34%",flu_2014 23%
ebola_sl_2014,2,31,27,0.202,"flu 70%, othervirus 30%",flu_2014 24%
ebola_sl_2014,3,65,59,0.231,"flu 77%, othervirus 23%",flu_2013 26%
ebola_sl_2014,4,74,62,0.253,"flu 89%, othervirus 11%",flu_2013 30%
ebola_sl_2014,5,76,62,0.296,"flu 87%, othervirus 13%",flu_2013 38%
ebola_sl_2014,6,83,62,0.329,"flu 87%, othervirus 13%",flu_2013 44%
h7n9_cn_2013,0,2,2,0.51,flu 100%,h1n1_2009 100%
h7n9_cn_2013,1,3,2,0.508,flu 100%,h1n1_2009 100%
h7n9_cn_2013,3,4,3,0.508,flu 100%,h1n1_2009 100%
h7n9_cn_2013,4,10,8,0.514,flu 100%,h1n1_2009 100%
h7n9_cn_2013,5,17,14,0.54,flu 100%,h1n1_2009 100%
h7n9_cn_2013,6,29,19,0.572,flu 100%,h1n1_2009 100%
h7n9_cn_2013,7,42,21,0.59,flu 100%,h1n1_2009 100%
h7n9_cn_2013,8,50,24,0.619,flu 100%,h1n1_2009 100%
h7n9_cn_2013,9,58,26,0.648,flu 100%,h1n1_2009 100%
h7n9_cn_2013,10,69,27,0.646,flu 100%,h1n1_2009 100%
h7n9_cn_2013,11,71,27,0.649,flu 100%,h1n1_2009 100%
h7n9_cn_2013,12,72,28,0.65,flu 100%,h1n1_2009 100%
h7n9_cn_2013,16,73,29,0.652,flu 100%,h1n1_2009 100%
h7n9_cn_2013,22,74,30,0.655,flu 100%,h1n1_2009 100%
mers_kr_2015,0,3,1,0.126,"flu 58%, othervirus 42%",flu_2015 15%
mers_kr_2015,1,18,2,0.126,"flu 63%, othervirus 37%",flu_2013 16%
mers_kr_2015,2,95,16,0.205,"flu 81%, othervirus 19%",flu_2014 24%
mers_kr_2015,3,154,19,0.29,"flu 89%, othervirus 11%",flu_2014 29%
mers_kr_2015,4,162,19,0.303,"flu 90%, othervirus 10%",flu_2014 29%
