outbreak,patients,death_rate,first_entry,median_age,fields_missing_share
covid_2020,645001,0.332,2020-02-26,61.0,0.42
covid_2021,1110621,0.327,2020-04-14,57.0,0.46
covid_2022,214982,0.277,2020-06-16,70.0,0.43
flu_2013,6146,0.162,2013-01-08,35.0,0.07
flu_2014,1762,0.186,2014-01-07,36.0,0.08
flu_2015,1257,0.162,2015-01-12,39.0,0.06
flu_2016,11824,0.188,2016-01-08,39.0,0.06
flu_2017,3255,0.152,2017-01-04,44.0,0.04
flu_2018,7856,0.173,2018-01-04,36.0,0.04
flu_2019,6460,0.177,2019-02-25,36.0,0.36
flu_2020,2336,0.134,2020-01-02,34.0,0.43
flu_2021,10012,0.155,2021-01-06,59.0,0.5
flu_2022,10826,0.126,2021-12-22,49.0,0.45
h1n1_2009,21123,0.095,2009-06-24,24.0,0.47
othervirus_2013,3120,0.071,2013-01-09,1.0,0.06
othervirus_2014,2249,0.057,2014-01-07,1.0,0.05
othervirus_2015,2418,0.05,2015-01-12,1.0,0.06
othervirus_2016,4607,0.066,2016-01-11,1.0,0.04
othervirus_2017,4689,0.064,2017-01-05,1.0,0.04
othervirus_2018,8071,0.058,2018-01-05,1.0,0.03
othervirus_2019,8806,0.057,2019-01-18,1.0,0.46
othervirus_2020,4620,0.075,2020-01-02,3.0,0.46
othervirus_2021,19629,0.03,2020-12-28,1.0,0.57
othervirus_2022,31050,0.026,2022-01-02,1.0,0.59
